CREATE DATABASE  IF NOT EXISTS `admin` /*!40100 DEFAULT CHARACTER SET utf8mb4 COLLATE utf8mb4_0900_ai_ci */ /*!80016 DEFAULT ENCRYPTION='N' */;
USE `admin`;
-- MySQL dump 10.13  Distrib 8.0.20, for Win64 (x86_64)
--
-- Host: 127.0.0.1    Database: admin
-- ------------------------------------------------------
-- Server version	8.0.20

/*!40101 SET @OLD_CHARACTER_SET_CLIENT=@@CHARACTER_SET_CLIENT */;
/*!40101 SET @OLD_CHARACTER_SET_RESULTS=@@CHARACTER_SET_RESULTS */;
/*!40101 SET @OLD_COLLATION_CONNECTION=@@COLLATION_CONNECTION */;
/*!50503 SET NAMES utf8 */;
/*!40103 SET @OLD_TIME_ZONE=@@TIME_ZONE */;
/*!40103 SET TIME_ZONE='+00:00' */;
/*!40014 SET @OLD_UNIQUE_CHECKS=@@UNIQUE_CHECKS, UNIQUE_CHECKS=0 */;
/*!40014 SET @OLD_FOREIGN_KEY_CHECKS=@@FOREIGN_KEY_CHECKS, FOREIGN_KEY_CHECKS=0 */;
/*!40101 SET @OLD_SQL_MODE=@@SQL_MODE, SQL_MODE='NO_AUTO_VALUE_ON_ZERO' */;
/*!40111 SET @OLD_SQL_NOTES=@@SQL_NOTES, SQL_NOTES=0 */;

--
-- Table structure for table `column_details`
--

DROP TABLE IF EXISTS `column_details`;
/*!40101 SET @saved_cs_client     = @@character_set_client */;
/*!50503 SET character_set_client = utf8mb4 */;
CREATE TABLE `column_details` (
  `table_id` int NOT NULL,
  `serial_no` int NOT NULL,
  `column_name` varchar(255) DEFAULT NULL,
  `data_type` varchar(255) DEFAULT NULL,
  `lower_limit` int DEFAULT NULL,
  `upper_limit` int DEFAULT NULL,
  `uom` varchar(255) DEFAULT NULL,
  PRIMARY KEY (`table_id`,`serial_no`)
) ENGINE=InnoDB DEFAULT CHARSET=utf8mb4 COLLATE=utf8mb4_0900_ai_ci;
/*!40101 SET character_set_client = @saved_cs_client */;

--
-- Dumping data for table `column_details`
--

LOCK TABLES `column_details` WRITE;
/*!40000 ALTER TABLE `column_details` DISABLE KEYS */;
INSERT INTO `column_details` VALUES (1,1,'name','string',NULL,NULL,NULL),(1,2,'gender','gender',NULL,NULL,NULL),(1,3,'DOB','date',NULL,NULL,NULL),(2,1,'company','string',NULL,NULL,NULL),(2,2,'designation','string',NULL,NULL,NULL),(2,3,'salary','decimal',NULL,NULL,'Rs.'),(2,4,'Date of Joining','date',NULL,NULL,NULL),(3,1,'Kannada','decimal',0,100,'marks'),(3,2,'English','decimal',0,100,'marks'),(3,3,'Maths','decimal',0,100,'marks'),(3,4,'Science','decimal',0,100,'marks');
/*!40000 ALTER TABLE `column_details` ENABLE KEYS */;
UNLOCK TABLES;

--
-- Table structure for table `table_data`
--

DROP TABLE IF EXISTS `table_data`;
/*!40101 SET @saved_cs_client     = @@character_set_client */;
/*!50503 SET character_set_client = utf8mb4 */;
CREATE TABLE `table_data` (
  `table_id` int NOT NULL,
  `row_no` int NOT NULL,
  `col1_value` varchar(255) DEFAULT NULL,
  `col2_value` varchar(255) DEFAULT NULL,
  `col3_value` varchar(255) DEFAULT NULL,
  `col4_value` varchar(255) DEFAULT NULL,
  `col5_value` varchar(255) DEFAULT NULL,
  `col6_value` varchar(255) DEFAULT NULL,
  `col7_value` varchar(255) DEFAULT NULL,
  `col8_value` varchar(255) DEFAULT NULL,
  `col9_value` varchar(255) DEFAULT NULL,
  `col10_value` varchar(255) DEFAULT NULL,
  PRIMARY KEY (`table_id`,`row_no`)
) ENGINE=InnoDB DEFAULT CHARSET=utf8mb4 COLLATE=utf8mb4_0900_ai_ci;
/*!40101 SET character_set_client = @saved_cs_client */;

--
-- Dumping data for table `table_data`
--

LOCK TABLES `table_data` WRITE;
/*!40000 ALTER TABLE `table_data` DISABLE KEYS */;
INSERT INTO `table_data` VALUES (1,1,'Vinod','Male','12/01/1999',NULL,NULL,NULL,NULL,NULL,NULL,NULL),(1,2,'Rashmi','Female','12/01/1999',NULL,NULL,NULL,NULL,NULL,NULL,NULL),(2,1,'Laurus','Developer','10000','04/08/2021',NULL,NULL,NULL,NULL,NULL,NULL);
/*!40000 ALTER TABLE `table_data` ENABLE KEYS */;
UNLOCK TABLES;

--
-- Table structure for table `table_details`
--

DROP TABLE IF EXISTS `table_details`;
/*!40101 SET @saved_cs_client     = @@character_set_client */;
/*!50503 SET character_set_client = utf8mb4 */;
CREATE TABLE `table_details` (
  `table_id` int NOT NULL AUTO_INCREMENT,
  `table_name` varchar(255) DEFAULT NULL,
  `table_instructions` varchar(2550) DEFAULT NULL,
  PRIMARY KEY (`table_id`)
) ENGINE=InnoDB AUTO_INCREMENT=4 DEFAULT CHARSET=utf8mb4 COLLATE=utf8mb4_0900_ai_ci;
/*!40101 SET character_set_client = @saved_cs_client */;

--
-- Dumping data for table `table_details`
--

LOCK TABLES `table_details` WRITE;
/*!40000 ALTER TABLE `table_details` DISABLE KEYS */;
INSERT INTO `table_details` VALUES (1,'Personal Details','InputText component renders a native input element that implicitly includes any passed prop. Value to describe the component can either be provided via label tag combined with id prop or using aria-labelledby, aria-label props.<br>Accessibility guide documents the specification of this component based on WCAG guidelines, the implementation is in progress.'),(2,'Job Details','InputText component renders a native input element that implicitly includes any passed prop. Value to describe the component can either be provided via label tag combined with id prop or using aria-labelledby, aria-label props.<br>Accessibility guide documents the specification of this component based on WCAG guidelines, the implementation is in progress.'),(3,'Marks','InputText component renders a native input element that implicitly includes any passed prop. Value to describe the component can either be provided via label tag combined with id prop or using aria-labelledby, aria-label props.<br>Accessibility guide documents the specification of this component based on WCAG guidelines, the implementation is in progress.');
/*!40000 ALTER TABLE `table_details` ENABLE KEYS */;
UNLOCK TABLES;

--
-- Table structure for table `user_details`
--

DROP TABLE IF EXISTS `user_details`;
/*!40101 SET @saved_cs_client     = @@character_set_client */;
/*!50503 SET character_set_client = utf8mb4 */;
CREATE TABLE `user_details` (
  `user_id` int NOT NULL AUTO_INCREMENT,
  `u_name` varchar(255) DEFAULT NULL,
  `first_name` varchar(255) DEFAULT NULL,
  `last_name` varchar(255) DEFAULT NULL,
  `password` varchar(255) DEFAULT NULL,
  `designation` varchar(255) DEFAULT NULL,
  `contact_no` varchar(255) DEFAULT NULL,
  `email` varchar(255) DEFAULT NULL,
  `active_flag` tinyint DEFAULT NULL,
  PRIMARY KEY (`user_id`)
) ENGINE=InnoDB AUTO_INCREMENT=1006 DEFAULT CHARSET=utf8mb4 COLLATE=utf8mb4_0900_ai_ci;
/*!40101 SET character_set_client = @saved_cs_client */;

--
-- Dumping data for table `user_details`
--

LOCK TABLES `user_details` WRITE;
/*!40000 ALTER TABLE `user_details` DISABLE KEYS */;
INSERT INTO `user_details` VALUES (1001,'vinod','vinod','kumar','jMuGTas9ZmDi/LCgCZTct8+38t5J9LOWuIsJFk2ROvxmGtNszV3LHZW8jxOajuIpD04Y+HpGjIbghSCw6Rd8Gg==','Developer','1234567890','abc@xyz.com',1),(1002,'guru','Guru','Prasad','jMuGTas9ZmDi/LCgCZTct8+38t5J9LOWuIsJFk2ROvxmGtNszV3LHZW8jxOajuIpD04Y+HpGjIbghSCw6Rd8Gg==','admin','123687987','asd',1),(1003,'demo','demo','demo','jMuGTas9ZmDi/LCgCZTct8+38t5J9LOWuIsJFk2ROvxmGtNszV3LHZW8jxOajuIpD04Y+HpGjIbghSCw6Rd8Gg==','demo','123123123','demoas',1),(1004,'aneesh','Aneesh','M','jMuGTas9ZmDi/LCgCZTct8+38t5J9LOWuIsJFk2ROvxmGtNszV3LHZW8jxOajuIpD04Y+HpGjIbghSCw6Rd8Gg==','Hero','321546987','hero@gmail.com',1),(1005,'rashmi','rashmi','r','jMuGTas9ZmDi/LCgCZTct8+38t5J9LOWuIsJFk2ROvxmGtNszV3LHZW8jxOajuIpD04Y+HpGjIbghSCw6Rd8Gg==','Deve;oper','123456789','adsasd',1);
/*!40000 ALTER TABLE `user_details` ENABLE KEYS */;
UNLOCK TABLES;

--
-- Table structure for table `user_profile`
--

DROP TABLE IF EXISTS `user_profile`;
/*!40101 SET @saved_cs_client     = @@character_set_client */;
/*!50503 SET character_set_client = utf8mb4 */;
CREATE TABLE `user_profile` (
  `user_id` int NOT NULL,
  `imgname` varchar(255) DEFAULT NULL,
  `imgtype` varchar(255) DEFAULT NULL,
  `pic_byte` longblob,
  PRIMARY KEY (`user_id`)
) ENGINE=InnoDB DEFAULT CHARSET=utf8mb4 COLLATE=utf8mb4_0900_ai_ci;
/*!40101 SET character_set_client = @saved_cs_client */;

--
-- Dumping data for table `user_profile`
--

LOCK TABLES `user_profile` WRITE;
/*!40000 ALTER TABLE `user_profile` DISABLE KEYS */;
INSERT INTO `user_profile` VALUES (1001,'1001','image/jpeg',0x789C957865585CCD9675238D4B37EE1A9CC6DD9D046FA021B813DC8385E0123CB805820477F7047777B70487E06EC37B67E6DEF97E7E75EA57ED3AFB59E739B5D75EAB5E165E36002005B977720038380000EEF501BC2C03A40108F0F0FFCCD781F83A812840202222100D19190905030D03031D0D1D1D130B07848905C64247071180C0B878F8F8F818D884440478443878F878FF248143787D0711880A04A2E261A263E2FD7F8F972E0018053000184080A301C083E110C0702F3D0032000080FC0FDAFF0CF8578848C87028AF5162380002DCFF1B85FB27FCB204C0408003C0831040AF2BC3190E10A779B6AC593B9DB437310D15DC29E2939874D44F252D78FAB2EF7F1E2815F28667E46309D91441D8513B56784F488EF4FBA610FD982F180BB015F805F75AB148871668FF5485318770EB0B2649F96A5F6147DDEBC9EC507C145AB75CA8EB15C40BA8E29494B9876B896ED9FD546EF9765BCDFFB7DD93AC30B1F1EF2505153E3362A7223DBADEA82AF3A698C8F09B664684958F4CF2D3F172367A978A544AF1F6A41154A8980DD16FD011D7352AC24F7F4F4D2BD135D5FBB1061D518DA16DA9546045B5D4E6A909D90A89F4C84B5F625CFB159EE33F8ECB765CB9B55484534EF3E4BDCFA8DFD35B212F1D33F41C786AD65E39F79F91D73CC09D4C78E43B5BC2AA561450EEC2D30E93268C60263EE26B5C2537B43E8D8F8CBF0766CDFEE9DC677EEEE2810436D22D0EF33F4E4C12A200F1C4C9E3FF5AB6738FBB62A5B50F0A3A0525328F5EBD851C547B069D526101BDD05C873ADFE330DBF2CBC890E6DA6BBC15B64FAC73D86E07C1DDAEC2761F3321E5DE3F3506CFEFD835042F9413B83D73E713656B6C517F19CC5B4CD6D5EB653B3AFDF69F781CCD5ABA61154127D3A7C8D9C5569E72989DD6A72BF5C0DC93018CA331AFF6178B727A735F86A9B6A32356E658DD59C24EEE2F4855B3DA6E7CDB20A5F6FE2786BE0D6BD5DA4D97E93B5592BB5DCADAB63428AC6BC1FD004FD96586B5127609A090B699DD76CDC0359B99F34C1365C86590B9C187BA9A71F173E58437F2EF6A90DFFE52AF2D1FDD0DFFAC3A4AD030C43FA08CFBA30B0B701AB4F3F7B3A68003762C7119ED47ADE2BDE7D653E034C252625F4A052DB67513FFEC94DD707606A5B02BD78154AF01FDF4A15E7FF0E59AC634D38C3DD9D1EF40558C56338603948B4C80696856757CB4B2DB98A5CB99D4966171D6D940C72501138807590192C9CDDCF724248573FA2877CE61F275CABDD578C6CAA58407732CE8F6E6A82396A4D54C5DC48A4CC852F28B4380B703BC2C8755BB26BC88803CBCBFD3B53FBCA81A800A20B48160F90799A51E4E1B0DD0A446C20400BF05804188EAFE3D1DF0AFB5C10C02C021C2C3FD53D3FF532170FF5D3A6064100E2E35271E3E15170D2DB724CF6BB1A0BCEE8003C22714DC6C284F32D0B3651216791BA1277E66EEA7776B05CD8C65182FA54D3FA2E3F2B4D1E2F2FA4813F47B5006F1970FBA9B36E933F876AFBC00063A4D2BDD3AEA9F32733AC2B056D521EEEE4F95D053208226E626B6EF231B812B2F164E7E6B8D6E8DAA6893D1557F3C886538D81CE5DD56BD7DE90A85EC43DC6465DDEA43A8FCC0C01EF1B141719EFFE47248D7A6BD176DFC18FEC9CA031B2179C0B6687185E40AB9B6AD75A4DB387AAD39BE3B637AB6235CD61F60171CA0628C49C38BCDEDFDBE85913CA6DB61527AA673F07DFD1A86748C80FEF56E9BC3A6C01D99FF33077F804E5B7251BABF041508BD487B84A8653349C78CF5F29DB36469C87DF2F010157BB0C64F5D41B7E3C820DCC081D883E812A4DB067157A2D7FD28C019458C87FAE6373EE514F2C415BFA84233F833AE84315CAF3200EF82D339DFC806E39F47CC5ED978952139EA57077987FAE1A745F09B6D7CA0CB91EA99CB06A120C24730DF892E8BE67353BB8CC5B2B2766A3446B72AE77EF8CCAD909C003F6E940733678355ED9E0D30752F174E7ADA2697F43AB03E07EF4103CEDE25043F95507784B4152DFD831DB5BF3355E82885BAC1828BE81047313E9660B0E0BC539135FC7B81C246A0C87ABEF3ECD5FD1C30DA462ED9766E9DAE8D7788F38083883717ACA384A994E75EEEF9BB7EA19F19A9007166C25F824DB458C3826F1825292DDABE19CDD35E6D6B2388729FA7776B18EA4A37EAA3E0B4706D5913BFDA1832684A67BFB4FCB8222DE12C3990DB28E77570B594875A5C5C44F51341DCA8AFC738CD8A4F6E3CD0362A7D806BBE72AFF7FA7A7181332A55CB85B13C27CBFB481C5C5050901DD8CE9EAFF3BDD2F161C9F991F8FE3452EA1BC0CACF04F3CC36214EA7C03BF5CBB75C17936D5E5E4482811394EC54310EAF6361C35B6B5931A1EAA177A6425AAC0B5158F071CF34C7D97D9B341E13CD8282F8F659F93627DB72DBA4096836289005E12301C1A87ACB6F5A31BBEA26763547FC159ABDDCC25769AD8B4369F69FDC228ED4FE942E2219D9E2961D9F10D9745F5EA1B9B83016B98B049B64644123445F00F4BD94EA27BCD2B3829295B30AB2DCC54D2E150EB72249106E21253D5916623B07CAC23AEA72828CC8000CBBAF7C57ACE196BA21070705726BF4C7645F5BB519ECB4232959D356530B19186822621F5F0022B0F9C97AFF6562976E3FFDCBDA5E95BEC9845E7183859D5164A9FEF2170019D1A3A5CE8CB38EC863CF9EEE45F56CC42B9EDC9C17007B0FDE0BC02C748E34718665904DEC9AC1AC34BE62308DB93DAAD29771BF17C1C211F9E3C80BC03C8D3FAE6003CBE5D298334450100F0AFBD5E14171B8518CCDA21A1267E21D507E8F55EEAB5B68B0FA3DB666749AECE0C63BE646681C5AAE304C4069AA44DF4E0F7B3F3C58AA9BE34D16620A65CC8DB5F9BEB94241581B70E7B13FBD6CDF1C5CADCBF2D59E0458A6777726A6EF6E46CE529FF9E130B2A43F36C832A8DFA8EB28C589CB36834C0F9F06CA98B7F4FDD9AF0B9F6AE30EC26D46722D5737B910B6C29ADC1E3DD8E29BAEF6B57F5A41163ACBF97E46FC0BAF2E65F391F2905255DAE17B5222D1B1648B1F79EB14222567B7329E6E9BF03F09106CDBFDDDD1DDFA7752A50D3361F9246B8CD27F1CF582888DAC562C4692FA8D3D05CA9F9F68E56DFBD643E21BB4CAB49F5D2F160A7C06EFD904D1074D1A5993897EDFA7C4542D7A94B110271DB87A0E6C976F5B9C746D3A2F53A634467EC6CAEBDFFCF244213AEEFE4088BD91AAB1D47C3CB4EDD2D6FA3A716FB7C42C1E25B763EE6CEE103D369D579EC93C1CC7DEBC00ECBEB853737214CBB7396CE48A7ED1A7BE4DEA67E98F7966CA3155BD191120FF727DABC40C5D2CACBE6619001E707A9F855C41D9CB4248272A9BFAC0839C645F8C9C37C922E30644FD5E999902FCCACC080084FF8896D7052A0E1035273C8EE4BFD8F895B1C5E1AECC89D1B2E653D4A4D8210C7D9BDB345159A69642DDD95979415059F7DF9469DE19C98D8C8CB931E2AF29DF8001FF43F5FF570881A941389CB854341C925075897F2586FF27B1BA598650FC03FFF0515B1AD1F171B1EA36599C9616D155EECF4FD76F4EF228EA52C23B9B09754F9497B5F8CBF456CD0DFF9C0E59B5B0BDBB0397DED3FC556CFCB4E1D2546856949AE520E696D7711563D82A1F2DA0DBA545CE27C445CE14179CB0E17C3EB0CADB515021A4A02315AA905A7329AC541B39B04BD0C4E4622A689EB5EB27779C206219A2C0D883FE9741B95F2C22F1C682384828F6A87D406AD1A24221F68F75C5A725D5843CB0A47CCC5AA25FE5EB174ABCB6330438041424646478E47FB73330220E3508978A934B12EA4C43CB61129703C4E3567709987C232125AD615A8D1FC863661E94DBB9F93F4D0E491C7E7F89F5779CB86C74897882B6C2EA26E57345528B6A02FCBE6E3943D2E40B409170C960F4F75E75A8BC6B62E529EF2EEDCF526C79E98B5E93BD6186319086DDB51E66CA9C3ECB519804EB9FC677AB92123C82E639F868E53D4E3093BDCCC12A056F06288CA4A65BD9CB1F3BFCA836DEF4A26ADC4B5124F4329E2421CF50087FC6A324781992BF8E1E51A4922C2D01CE88B5B0EA2F0D2B751CAE2B921AB7F98832B3159245A8457FA8746499B99467E222BC72018B95C5D8A75C8101D8FE2CB1D29CE9D155C06C4B0BF5A38ECC6AE48F216C2F802FDA25C8C4BCF191267465BFDB357FE7C520476CF8A460227D191789DE5DE818B588DB42F6921121D038751A9C74C991312859844134079542DFC1E1AED3DC1AF0ADC5BAF62939A3BC5DF50833B3650FAFE47B4B0247AB919850BFD8D8EA04B3EBCA8BD8B7BBC1F7BCFD33C358B48B768A922C2F5535A8D97D32B015E552251AE6AC92DE39EDB88FFFF118E2B4A219B382724476A015583A45B0D04B6A8D7156C0341A1E83F1A458AFB6CCE06CE7DA72C83E00F4A9D25EFE3C6FFDC9B3FF06911DD7C35D1EA6A512165FFAC1C0E82D4B2363D65D0E24BAC97005165231EF72135E6158C34179126DB3E09ECE96FE02703A32C77C746467ACCBFB00212E993B24FFA88C806AC795DE5E01377BAE6CBCDA0E055DCFB0E89FB79F89F0F6D127CF9DADC66C936756648D563C7C9397D138F8516B44D0C03175E1513098D1028B1F18D1BF316CC1C3145636464AA788A3DC9EAF2A2191B4E92889522541782CFDCB5B78ACCDF8DDE613775629081C5472A65DC81BD7D756274A2F3EFDEBF608DB0BF34C5AA10D34512FFC7ECCE05CC24A2FA30F3996ADABEFB86B62FA31FBE3B6A75985481479E7C7EB7048980E5BBE7CA0E0970B87154B3CD9DABE8983636EA8E690BE07E3B73385CBBB843C16CFAA98CE739E899EEB5FA39CB35D7B2A9F563F06E93036A08130D9E9C546E6266EB2EF228DE07AFB7E2A989A7C95F54C06F1532DAB6A53ADB514EB3ECB33D9BA67FA43E5FFF26052C9FEB8051EEB7AD5FB2A36D79B7D088E4D3F648588A3CFEB59A47DC744C31FE77FC09BC8D0963D6E95E7C8B11C43933B7045E744E8965C52BA4ADEDD5E87CDF65CFB708165DFFE73B69C0CE57E678B6EF7151F3D6739B65E18BBC4E8B68714D441874653107761EF97987738E7D7F8D5AC1B538CE7AB0A24E9B118991703DC92562ADAC7FB295267B2DE58DBAFDE682BE26354F58638E746472F59CD6846B7D70956EAA77EBBFC6DE6BF5A30A6EB47F739E85835A9B7309A9FBE25319E610B1B94BA33C00E2E36B68972E99B4758A9E8EB985C8D9B907B4A8858EAFD5048691949F2A957CD66DA32F54F764CA23D42FFC8679B4C8730F4B509B8CA7604D201968A3EAE25BC7DEED16E177773F530B413953CD9B7B9EC5EC50279B4310EE09FE9B371A7B547784DB75DE6A722EF48EBC105AB7C05F3C4C60799A787A8132A936F1CB6BE5B550759D71C662FD9CCC6E8F268961D95B9FACF4C7030D7A8617793E255A442B7E78B3BB5C619B46F73DD0775E63056CA3BCF4EA748788694EAF974AA3EF3BF1E2EDC9E3801D80F56FCFDA3F2B14FA31DB96675C384EE4033FBB895A216D02E799F126C61296A2A3DAE7D2990C056B03C8B3BB2FDF7D7614BA7BC86D4631565DB6FACD70977AAE27DE1B77501C333628FA41BBE3F909C748E49B7BE4E779A45CCCB5652277B919222E319D7CEB150665C32733095D5A9CF827ED76FD5064E0DA85C2B387CADE4EC3CDEC2928F5D5D34F5375FBCF553D0D75ED2A38B7BAC4454AD40BEE1CD27B8171B8D3D50BED419D61C4BBC3920E6AD10E22F9B6E115F6E7A4C82247F407E98D8424BF8BE664EF6F3FCD9C8CB836D28ED6379CE56C3F25643D7F2B9EE63CA961E9B1ECBE25DB97F3DF095A41940AFA40C0F0022FEDB95C301C0D49C2049A88973405C4E2755F5E9E4E6D9FF1A0E716AE6C7AB880991A8394498878863F3DBAB17C0C2F759963A3F84B5591EE4E1BE49CF5FB5E2A1842E02E47D3F73B5B6C62491B0FC9D95B6AD90922A7089B067711BFFF45FF0C9B91988335A40ACB70A7AFC806B3429E1A3A9830A3BD6EA4D284ADBE78F95E77E9D427975162E1560034230C10C8C84C9CC15E4AE9F753E71FA084FF5A67A17387837729FDF75AF4F354357DFC54225854A5FA1A83130F9592F3CCD65C394D90C8323587F2231C2255130D1F6DD142CE9A667CD9F360369CDE2AE3835541F09C5197D514914653C19446C22A0CE9F57DBE4ADF8B5A0E4A9908D82F28F8BC87E995C005179D8C8C94D927708FF161D2B49787851B2601ADB09814ABCE9A3240CA2DD20BF937BBFE6978D92A25FDE78474693655714650BAC8226DBFE15E9B7F9E9267BD033F2130E70404A5534048B4F7CDEB2C242F1A3A15BF86CEE866D3D8C94CC40FC91B8B31816D9C3D522A7DCB34D511435CF786F16D26C9DCC06ADBF9EB5E11811789F927A84C899FC4E7447CA869E4BD39737388F808FDFD762C9E08A66C60301946127741A40F83E229D6EFB0A67276FA035A523F3AB79245DA68A2BCD2385ED01CAF60FBA0B77616C30C2545C017C81FC4E3E5E2B33765F2917446D97C0952C49526374A8EB30AF4B4761AA94ADBA63A7CF2DBBF647196118F6BB6F7DE6171748DD4457493F113F11BDEF210C5198D786E2D01B64E6BC53DD41EEEE02A7BC8D4611900A4EC9A7E690BCC54FA70A32CCB68C329C87F859488DF22A7B4B95BC21FF98CC8F9E55CDC51A36DEDFD6914D1F941B78A7BC37EBC4D7E64D0FE73E42C9596ABC238354A97E1277DE5F12D0158042BD71CCDF133BF34B841B11D48967E10F496B386A3B2B966416A76BE452B43C638A9BE1DE182D4E65F4CD56CF778F55BD0246DF957CB17F808FF10FA4C0A67F1E4D422692C4C0F96BF1E61CF548603D2F1CF546B254BDBA2F067D78DF262F9B656DD7842A28EC56D75569FACEB421DD396B42CD851D74E9F99E0C896D125A821F33C3C9FE294BEAD181C24B6EA965070E930C4DC91F7E7144DEAB95D04FFCCB0B60EF52C9A7238FE3FE998BB78912094A822FFD89DA0252E21F42CE5129B80DBCCF5087ACAF786F7A1804A0225679A814BEB5B072E31DAF6BB8164EC50C0E5CB3CA08FFAB829DF8FD4E37E94E51A5E2FBE9F7223BD6DA62C7695CD1A88754570FD5A2B056B129CDA4D58F77895A52841FC27D1181DCC2BC6095ADFA0047C5185DFE0FD5E801F0E5944D9A3272350AC74580781DE32B7FE7A419D7C8AE3406BA80B203359C77058A37F4BFBE26157E802763F9B6522C4FFF44F7D674AD7BEE03064580D419BF981DF5CFB3B995A1D8B292222CB56A82F7AEB1A5711AAD23235E5A1C49022DE57E836450F93E8FADEE0014058A89D9834CA4E954C646E51E9A9ED21F8364D3CEB17FD52784148880156AB79CEF35DD46412BDFBA7C738454649A6D6B3E813A011CE05E3C1F0B5FEC0E7B66FD1D4BC41CDBB5577A20894D20A8DAA774FA8AA51819E268606DFF6DEB4D89416DA6D453220686E4E4145492D5E8A89683DFD13C59EDEF073F0EEBCCD2DFD1025B51DA87CFBB6C88CD182D239D4A53FAB66C4A0D0F5408687FA3189BB4770533B76B347202DF5B0C9B1FCBD05F3DF857F52223F43E75F211B15964A718599E8B524045A7BD5AAF8FFBBE4143A75B51D59B84EB3B9484D293B6E4B6EF645BCADD35ADEC3FA7FEF18DBC92B6F40449C25FBB1C22301D18DD458100A611D466A2E782DF577D7E05859201E852BC824A84B13DC4702289D7A5A2B418D8F0381805C89B8524900C2F3E8B8A529D94713D34773921CE149547D1CFAB41C84B8A76E0E6DA565BE5396115686F4365B639D0BA8BC4BF6DAEC990887AA0FFB439EB34BA3425CB9FC4625C48C1148D7F225EB80A1771BFAC181BF0D925BDB3F4A5C70BFC4BB88569DA0AB7F76A277FCA442EF028E8FC01E375A3ED43A68C9DD8E7DC7FF1C5D5EBE5EC91547AA5182B680E86D2C6335B24C7100F7DDB3261D3F5C4ED89F8A4D85E8B69AAE3CADEC60569630FFAF567A5A3784C28856F1C8ED3D513CB45F380A308494BCB5892D8E75DC7FB246C28B7A523B125FE9BD2D0E0616C7A6436745C5694247E0EE33BEAB18DA2CD956E57B7A296A76D8C6927BB94CEC45136361B237497D07DE705E4B2D20F7B913FE4607E531F2D05A9BD65AC45F3789E360786CB589E6814B0FCFEF74EF75FBE09146C82A08F3445BA6E2AB0B7421D9A09352EBEED73D39574A7E4BD38C37E33F4166BAD029DA47C146B1B51250AA5185749B8F55BD605066B2C09426F2389475A4ECD9761003A71698B300EF195B5981913966191EBC76CF8FB653A54C9E50F9BDBB47F5B9059C1732F801FDB76AA15D4FB553959B2A41728FC6B8F0CFE0F1BD937FF6DE3105E2DC8FFBD7F860383A8A938FFE976FFB67120891949302871E31B49D37158E217DB1374A4B16E0A8D77A89C16297B830AA9D5B181B7BD0DD1440924F67165B6D35577E404397E727BA719145A0B67D273423A365F474DACE39384719564A82F3A9D5468E4DF9A3E51068BA19741B6C2BFC6B9457F899FC79FEA9AA6C8C2E581C6442685357945E82B889A6EA47E02CD23BD0B09C738463163924D84EABC622607FF03171EE13F985F1BF4BF309B40FF6D1041FD657E4AC346452AE84427EB81F6F98155355BDF7DEC6B4AED1BBF45AD63F96CF93914EE5BDFC4495D3B090BDB7AFEC50EA68A6C28A658C02AF35EAEFABE38969349AC4ACAD28A24939643721FFC5869AE4AFC407C18104023DA9B7F802DC75E8AA1A3AE5D704BED1354362E165580DEE4721C55D54D3648216DB6EF8E30FB043FEF22610D9371BA6522FA483EF6EABD21E8EC94DABA47E79E4FE61F29F24422DE5F8F3E7121F1398CBFFD7DC200BFB1F841B95DEFBB0B6A5469B3D89DE878F8C6C3EED1AD45B2EBBF05093C3C1C100EEEBF7FD4BF04C9BFF408282EA7BA7372F394EA3F8204D456B4F800C56C3FB9B6A6B846785E74F03F7A0A0C946F467C1C0ADA08794ADD3F357DDE2BAF167CFA36B9E177F6A37488E787CF8F3AC54A0C407DE705931BB1585D07980FE2230141B2649C6C50FF8A69405AB63EC260E84C19CCE01B0BFEE4586F7D36D29664707B1B2E5325DCC69142D0D92553992FABD9245BB885ECC8A06499FC5E973A82269B470A956680F62D88F092B531DCC1C13A62A309885C14EECAEB994AB00138071A8D749612CE108E8EFDE149C45CC4C1740FBE5D15ED3745276917A3E5A0235A0F09EB984346053F436176DD3C7B48944DB37A0D3AB822FD9A4452489626C94FD29DECA8296538EC490739F6D65F88DE8E4408DFE0BB986A56A2FD1E6136A8E480DAAA59E64CF2EEE84373C789222222F1E3A296D288F60C7778F2453E2AFDAC3C784FC864A529E50194EC29A25458A36B533CD16A59081B961F4124002569CB1387ADB606AE38B02488EE1FDA554FCD7DCF10FF1267F62553D97E538AD407F6B940CD66BFE576F15C299A2D4DEC8C0848CE0D8044CEE0EBF76A16BBF5BB4BCC55F4E5056B0CA76907F8A26A1CA809F674654B7ADDC746EECFF6F80BC3FFE478DA6AF256A0ADAF842E0A777F5A3E9EBC31A565D19AD325F56B7A200E413CA7558297F44CBDF4B3B845DA0B745E6478DE62037630F1ED18439B7D140F351242FC2D8E68DC661E7F0D5CAAD0999E38C39966C370FB2F1DEFBDD7B31B64FEAA2952A60BCB0345AE9B0359F592795ADDE1083E78CAE6D84227A5CE61AF12D5698804E29904CF16911F18C15C4C1D579DE31991E468FB2156FDEB4542D19E46E81E936E595C0E05B7D167AE6B470E62570CB4279D1F5A798835B175F9CC60CD6948992AE23C24B62044778FC760CE860B46046895FFADE1DB07258F0563D039917F7C3AE04945AE4AB61F178862515A06C967CFE656D6A9118F48EFE4072EE24D4D59FB231517BAB293B16C549E5C10AF42BA94C6668F7C7DEE937B7E4B5E0E5B11FA7C3F30C4328B480639331B6868CF7FAE82CF71532899EAA3F154FB0C9E031A05B9017D8AD144324E91A99834FF44C1D6A955CCC4FC61B860A188D84B7A1D3C812F5013EE1113079E238AC915CB60A054BB0C3F7A4E69D17354A77D0FE583DD7BAB86B52BC8CCDB92FE41C67BBDAD3804A2589F0E3E78A63C1F0DF881A6F81C9E17C0A90411AB425157397E2BED2D720F22E23E08F78753BCBF1DCA15C67CBA417B1F7D20026E9C3C12F32A67D40D95FE3ACE428171B9429A0562FD01DBAF16227B17B51CEF311B3362475A7CAE8E23AD344F0EF472C9C2DAD00BA093D5648FD7382820A2593384EEDDB20C1A736971835D680159EB07FC2169045CB2699E2711E8670279090791252EBE3163852670BB187511AC6F42C2892237C81FF3E7609F0572CB50AC9474A83B6A773433AA6FFC3915D79FDDD56F51E4064381EB0856E00EB2E5EFC56423A2F6AE03EB45882445A139D9E9F9F8974531E810BC86FA3DED2D2DFF6C4D6EF8FCAA72B6ED279443C6D28F68BD56D567CC1F09B097A27082666C0F7311B465D62FB3883557F9243946B73ED52635EBABA38096248B3E2202BD13240BD86BF60B8B143A74DC9552C568FF12D9A8A19954B8F27358A80FB0BA91AAEC806CCD8FA769BFE1A2186B97A164D5FE45AFC32307CF482C78859B47353126499430998E100390FD839C604F08AEE46B0C4B7E264B113E4F9E01D223D23AF79E8A2278A58C04678AE4322116189C04CC3F486133743E40A4C00D434823C556A12EAD3F92B3C4894B339E62B8DCA1A06EC95FD6E22D2B3E1DFF796DF449FC0EBCCAB0CD64AC34056437A1112E49147BF88ADD06DFD14444E2559793B0DB6FBBE24532F2B43D9E5275D515B9214DAE8F57C03DB2E05FA61ACF0BFA8F2F80F030F130DFC3C0285FFDF9113CC5C5B6EBFCDB2682E5463B0EAE2628A4654A0446FA577BA863A1264320BF9F2B7BDB574CC2493604D2A72ACBD91B576C8E062019B8F160BDFB20EBDF44C951E8AA3FA4A4F4A9C088D138AD6A1F6768A6EC072181EBAC1F8DCC1224B04CDC4729020388A27CE94B870676101DCDFD9537AA7C4B5DFC6320C434B7B4D0A91D18D82293840F282DE4DFAA402F5D0500B261A1070F227D5400A9403AE5A68586C9AC9F6CC44D74262CB2DA13353F36B2F9A349BFB006F87E1ECA9DE6613D1CFDFCD441630156B71341EB20C119848300B77DE74912B7D2B4D87F1A1E86B7D86514ECE5268B236F915287ED4175F492107C11F3268CC5DC7A81B80A2C5353E75C7F492EDC4DB0AC89DC65AD84CB4E4A29A60C1081C84DB96351E90EBD6C6768A1FE6EF47201DF3AE7B603AA201493B73EF2427206412F803F0D1D75E876E798BF10110EE02434D7F9462FDCB4F16ABC9F8D697636B1A25660A8238620919ACF799E34D5D2862454C343384A6800DCA024796EC37275D63FBCDEEB6AF689376FB33FF3EACC3871ABF42B899E14515727AE2DF2E68B76102BA5E1B7B792DC4676BA95C322EBC05E466241A9EC6584DAEBCB755E037F49F7578AB7DDD2DFB538A4AC2C5E925DD9F8AA092BDCE3AD6563625215F7E85920FAC547F3315884DED68B1187D7767576FB3038BF5716382E42C2FAFE0606FA16A27120A266B0EBD460B1197818B00CBCEC817D33C109F740D4C73ABFFC94B11E84883DE0D0628C8FFD97EE5C9B8EB3279489C9B459A7B07B6695354D2CB0E989F3D9EF485F8678778F8891D03B79A742D359D2AC871C2FCFD8ED422BBCC547EACD46498DC6FC01499170E0DAED43A7B51F3F451B8931051FA62D4E1CAF05DE44F7F892BA3EBAAB46BA5FB8B2345A6C033C774F30936567FF484D695A5F8B4FC06A25D4824D5918E2BF90F643A629591124B20AB7D1BD65373ED9C2A88893C01E90C4CD4A63AEF06E13B7896C28DD6D1846DD901FC6B295363C7A778701F507E0263589D56E115759BF00AA59CEB45DD94DB4027353906C44A691D127972E15EEADD7C8E60DC4F63251D019237106BEA847D302E0831138031A276F9083F38AE898AF090882AA32A64C2163436C1E71788CA19F68C74C76B048BF209B384534628FA28B8AA75A59729171029A8DDD07C6176DBB1152393EFA50FEA17BD4142141233C0EEC061919DB3D869BA9969D7DDFA02EE340A0008D74734E861D2335840DB24F8537BBCECA658A5FD371D851D6E93E485890E592AFFDFCD355816BD8FFF8A5A3A36FC240269AA34EE9B0095D793F2D8845EF2F5259A7C9437436D99657614F7165BD2095273382F519E4C7F90E405B7F3F56A47D586979926087B5A112D4DA33406FAFA493CC2E61129CDA3403D0BDA303349150E5C07048564AB06B0C8C5651C39AEE1CF0774C1D115B83C7612E09E1753007074CFA35B35075725722A4725FBFA3FAA2438A6C328F9E52260C85F29DF7A186E55CABBCD8022CF9C11D115BF5D0EF5CBA2E15056A6C3C3D0AFA92683BC69A72134CA4FD43A0B6D4DF7050B539A68A96489ADA991C65B8114460A3E1D7398BC8905080A45B88CEB36DC04A6945F6D2EFAFED326CE8933392CE2EB10FE2ACA06733E46B734AB05FADEBE9327EA3E3BB47FFF16EBF85705149F1AAA3C2AF7EC6BCAA83D49999DF2FC01D0F4AE6C4A7BF165F16FF0B3A29799A),(1002,'1002','image/jpeg',0x789C65777554D461D3F66FE966E95A7269A4BBA4630949915260E958BA4140A43B1501A51B94905D5ABA05E946E90EA541E0F579FE79CFF77ED77DCF9C33739D3333E7BEFE99FB71FEF11700D65085A90220100080FE1DE071098800F0B071282829A8492928A8A9A969A8A9FFEB69A9FF73A969FE1B4398F9D8200C3C8CD4B4EC12EC3CFC82A2A2A2B4ACD2F2D2C2727C22A2822002020230319881949441849D955550E4FFE0FF4BFC5F3C76022438C01AB0860E6201D04840E824A0C75E00020000F67F26FD5F80D03130B1B0D170FEB1AA60000D84868E81858D89818B8EF91F120D4027C16016C42455D0C362B1F278934A464E21A45F5087ADD835710AF7AC5F83B20A1B84A71576FF1651F2A2B4F66E98FC57871604A08340FF4F9BFF94C5C4FAC7B193006868208C7F86F9BF1C09333AA9A0028B15069910263954AFE07111204007FD1B1B9D049003E609C0A39C11D4D1384A6168104E28F00BAC0010E130FD2770477F97DAD4C6EC525CAC04EE33ACA542FA1E6EFC89AD62D7AB27EA181AE17A39503525867133523AD95F23A55A80D941A1E70B579527F27C133760542E0BC530748EF789E7C2EAA336367933AC5C9040D38437B94480894AA0A8DB6A74CB0DAB8A5169B6B60A09558FB7EEBA32BCA41CBE9F2467ED2D6271FFB8F1654CB857B7FD502737A124999B6F14DB2E94CF532389132C4CF33BE57C0BECE180506F126B4605243FFFDEC031E6B9A41AF7719695A4A6FF15768219991618EFA3178667DAFA1C8B8735DEA85B509EC45B39C7B38F464AC5317D86418BFDCCAC3E71BDA63779C2923D13D53DFEA4D804A38E2A34CB5C9337231DB4D9C7006F4A76BF589C1E97449BADB274B5FA6FA1A0A263270ABA810FA3839FD38F4F226913AD3F25C3C5A9CD94B029482A458875210FEE1B3A0EDD9185A70E290A18CBB538CCB83F12D0A298C2E441FFDE1288C600030AFF4CB9AA09AF7717C4D1B2D067AB73C4E8444B2DBE72955BC9EFC154F7074CC6D4A234395D58A145D72EFC61DAB4CF4568B6F70637D7DAF7BB69D2164CD98F4FE526775C78A538AE773DBE7D84AC640C0535D8821ECCB1E6CD9AE7E3923D9D9497FF3EB83EF06C8DDDFDBA84E7734BDE0E17B0E3DFD4D7342889E22399DF45897161E35FE53C029C69F00CC7CCFEB065BFA5881A363519656193BB5FDCEC07EF7DD0AE80B3B54F79920EF3D7A94D5F879AF1644AE8F0E35A8E9DF8C77A0360ED39C66E6EF8E1980D53C2E7717AFA865C2CEB31D59617982E47D4BFAA72487D6E2CB27291D3CBC36771B00ABD881AC1EFDAEFF24F40D4F095143A1A2E254734E1C43ABE1A2E582F791C1FDB7C9D5DFBD00655F77ADC10A2285C1FF7EB17500B82FF0F17A59B4316EB8BE2703A35B522024EBF08BBEDAE1877057FC0FD991B0175A7847B41277A38B904C0144E22009C08E72115B12873E865D94F6E32726EB8CEDE27D831B1BCB7B6CC4F0BC2387B049E5D1EAC573508D6973D27DD3CDEA9B8FF1C62CE8FD1E76B644EF7E9DE9E47393D252D88D8AED16F8516FF95630E59A1618679FC273BE5467277476AF1745609B529EF3E2AFBA725DAADA50B6645DE57A8701C413A42BC25DF55D2A7DD0F0DF4458A8B0FDFCC0B13B5CC2EF2CEDE230A2612152D46B8CC16E998F71E7E1C424A53B36D340829AEB48E4B07509C77C4BA956966EF5DCDDD2430719B7F3F0231AD2DC760CC68DFF6B441865F627D61E35A311C1F6A51C312BDB24399951A2661E831DFDC1F8158B8BBA7582D93968FF542EEC67CA5119332116FCFABB377FEE276AA4A27A6ABA4D22491CD6D268409EE0A5BECBB05A8AA9E6494D95AB8D136A5F3AB9F9A77DD8C288375328CAAB8729A96A38A8D2589CB48BDABA5316FBD46BA470045B60EA66FC9039F65117F75FA8BD821B0DEFFE7F148DAEF029E32936B7F8D3EC10DBB3DD2896D5BFB3C552DE21B09DA55591CFA8DFB63317654472EB12E86F18A9618B12ED7E6D0C391DF5E9EDBCBEFC4D1CB91D7DE1AFB70DA29360BBDEB0FB339276E34F8D7A434B7F79F1E480FC6551186C5DE50FF1F04D9F68B62ABCBF95CA5B6C73EBF908D7F8D194F4715963FD853477F4EC8843436D067AFAEEA73385B51706368A37D8995CCB95CEE2262CBC927BF82595FD567FB62A4B9B06117F93B63D23A04B5DAF6F9964805B6BCBDEBF684356B62BB382A3794400A44498615D7A4B4B5BF67CEB4F2F143E097B72C2794C382BABF4F994E53258E328AE962491AA55E3FFBA460926C5B0411D7DE9F1DE2FC74C6A5D296B6994A8192A2F643ED220333D7782E7CC598413F7565D83F462D620EAE2A466B6E59AF41E0BB55E1388C63FAB9EF599B3832E02E7EFC08FFB7218C0999DD73F6A5B8B3DBB27B4F471BDE3F1F7C1BF2C0F8795E330A2FAE0D91174AA3FF3EF67B45024975FFEF150A7670B785C40161745D16123E7F861D41FB81470DAF5458ADF62D71ECEB03AD95749BF1CA2764791A9651AABACEBA07E201B7FD3E8E8BB01997A5B67B6BA9B3667A282987A6140F5AB5257D3EBE34BE143E406625C1C2DDEDE10028D83BD5FE78766509EBCB67A1898017462FD1C638BD315BB134BC1EBBFC4C5063A82FB432D219D6D3B9CA3F514268423EE2A683542777841B126EBA7FC95BF6B054BFDFD20B59E0FB4312A2628464FE535AD382B7ADDA118CA1ECA25251636447B3A0E029AD5D260D83A4B60ECF4D4E10F09196B5342576F542E9F29E8C0EF3B516957EA922356588BDFDECDA46387D4393EFF23AC383DAAE5C67571D22D6E557C736B8D1E14A64BA93B593599A3A610AE2CC96B7295C9509A9B7399A28344CA872B252110A2C7A69EA13B694B1B760B2CF638B58746E712B551316492C9B98AE9A61B2F544018BB707CC8EDEB2139FF1CC1AF9426AE39FA7389E0B2CDCF97CBC7221AC5F05655C5739AE05B815FA65D0B9BFC5AE8F8B17FC16863E88F3BB2292A697DD00F9FD6995B1F996D59755089B9BD38F2A4DEF6955F9F5FD67D19F72BD265F392F40902FED5630724003C23C1F9F74228FE0C6B5CB1A95B026826A929A91CA23EC27C5D6B284139E1D24203552643C447FCB9A2724259639BCAB615B0B45EE213121260897E8314497A46E957C2F51A18A66B71B1E3A8B2DC1CA70130D4AB900ADBA9E5DC44C932C7D6AF0CBAB76D37DD6E351070EFB988A8343EE5B48039EA5018328734DFFAB26F8D9280E87B27C2A14B3CC280C07C43FE1716F057D783F5BDE943DBD549D4012796156C8507192D0C22757CDDA7EDE0A8F36AC16B5E5FCD9465ECFC8A416F6613F44CCB970325DE7EB8B4B768854141324AA7EE9CD826167C76E268481C96ADE40D21864DDF91B1BC525E03BDFD895BBB230C7C099B5E85A8E96BF9167499B75608B70E2FE202143E49988147CCE902E255AB31DC4A666DFFE9CF5848E2E7DA45B3F710B23D788069558A43D24B24C2A4A153FD9EFEE9230722BDC103E4D415904CC3EC9A3B8DEF67C2FE30EAD4E0C72EF78FBFBAD369A87435DA3CA1AD4E33A1E1DEA00FF8C39667939769036AC6363C40E4DEAC66BF2D2BA1B55C04E3C09FD58C373CF6BA7C5C27595E343788176B873AD96DB604583CBFF0D5EE69DD014D29891946D3D5BA2A31AB51B91B37A37E6F39456916778F4C21E49186ACB950437B934E212226D37CDE0B6EA4F373150C3377AC5BD9EAEDEDF6EE9E6684CFDBE3D21B77392D55EC863298D8D967E5901725B10CE3B9886FC3E2BBB73406EEA972B75911C703B2483293DB65150CF7B5A0376B271E65342C39914E975A9F5578CB4B5B5B7D3EE18AD9D54830B5C0A52580B7150C64B291F814018BB319A84F9687698E0CEB84279DC57F15F2E22728878ECF9A004D3662780E19EBDF9F4CFB6D776B089CC87DA06E7858EDD300EAD01DFD2810ABB8AE617AFBDCA4D4C87AB3247E8FDD50F45E1F93FA5F117DDB22AF1F56873F0AB2A8CE81370E44CC2D7F71AB993B5EFF75D07579062DF3CE6FAAD388FD40C395CACCD9C24F79B6B7FBD65F14A97E68EF45B36CCCFF992B22A235E1D828A315AF8BACF596E7842704C6CD6E675FC357D7E3E4108A0D9E701399FE4FCDBB2DCC7338B917958954F42EEE4C834364BE8B8A0D0D6C21334A129138B0A2464EEDC811A0CB3C4F1DE724EC45235BD2F89F61D74AB1BDEFEDE4988780D244DD91BE0F5B254B80C02E821769429121DDD9D7485E923C93B0CAEF3AADEF39FCD593279B61CB3C9385B35C9B5D5EAC47E5A7D81BA752BC19D68266A3C61D369C1EBA25E399CD212B428B8F7F7D1340DF824276F827B533833AFD8351E454534555B68446FE4ACC0392A6696232231398A48CCF4753EF3F0D628F87642CE94DEA8E83FC231586A17DDE6D016B046AE8734BCA9AB22A4F4C974482D3237E5D9A35423CC317F3D6F8D6EB1165643E4C1874C312E694E4B0EFB72DA2BFBC1E8612D6C4A594583A4C16AEBCDE5738B70A63BEE2F9DF08245E677115B15346262CF2DC2C6CC6C66AE09AC1CA234F46C602CBEFF329D62088BB05ECAC85B499D5B9F1CF631593D21C26485C9FA1504FFFC6AFA8FEE7FE21DAB19657FAA93FB1AB27B2427815FBF1690F8BA6CD2B0FFA480DE5BD599B1039FF91BD4D6B8A7F8A344AF211BFEF1DB2B704ABE278791EC1F99C3DBE408EA52ACD14D3EA3FD4D8AD6D855AAE31DF2A27547EC4D86B1CF08CB60E86D0EDD247EBCBDEBCD8BB297A99F45696305351160CC841D0F67CE3D0373A1A35A249A0110D5BC1120F79C1C3FBD78AC76859BBB47A6687F8525B0C70374B24616CFB0A935DB5733D811E51D96E1B79924FF08E0A60649A32D22ED4C7C11A929C8C889A011095D9951180FD6A9CD434CA7E38838CC97B920B602A6327BB777979C9D4C30FB0834B0B4C31ED0A539D7EB852714766D2A7F59FC12B8FF97D9029942C988C9CF49EED616548653D7A00770DE0C437DC82D274B48368EEEF7B177E3668ED297817F921D13CA3C48D5EE6403140EB7B6587931AC943D164686A91A5E64A4C5CE945796AC8457C6BF6305B0859EA56212BCCE6E2B3247D08A445DA82943E6DF841C1C70DEF3DF6972F6BF03FBA86A1BEEEB1C860BD1973DDDCBD9B8DC322D6E6886FBB0A6E9C4662A15D984A4BB6C217A5EBA8AD6A3B618AD7CA388CA9A4D8803561E7874A4A783778C0347A95DEBB0FE121628A895CA66454BA34B22DEE5460C4A894E3D79461366FD4DE7846090B1AD4D7AE0CFBB5C1D58D52CC6495882ECF4A07122EEF44D974AFD2B1C6DD42445E05D969BBB8081AED3CDF68BB4CBDF997F9F711F8FFDF409F163610EF3D1382EF651783D7EBAE3C6D36FA64366D9E9F4FDCFE883509392BA1A4E77294B76FBD5AB4A9EA597FD3EC47FD803D11923CC686DB1D65E76BFDB3F369D5D73C60FD0E228CC898D2931CA6FE1557E226723C11EC8486247C5588099E22FF834DD45BCA7BD513130793498239D08DAAFC8FDCA354813C8D49DF26949CDDA42E0880F267971EF11AB565A654D03ED749BBF825013E6EEB22D8C19C3A608776742E51BE8A937F929E95A5D2A953C3F7796ED3AC1C7856497A1DC3F0D8522E68EB54845FEBA536D0BF0E7D0FAFCA581F4E7E8E545576E6D3A0275C8DEAE0EA605D7AFFD5A8FC0D12BC452F7ABDA690A721680DC06B819997ABB955A21521BE7B7F814E23A515DE63333BC4CF83CF23060213C8F6C4CFEF0A8FE3DFE4BDE4EA9DDA001F4DB3193871F91A7F77D88F55D76FFE4CE3D697283B886D8B60695EE5F7B12AB8AD5D2A2F41B7A54978AC1C2121AE3EA713187EFE4BCF7565E4B9794D97BD717867173963F659E0E1DFC5B2CF134DA2165519AC444FDEB2872ACCBBB5CFB738369CFF95B62DDE3779CA10817B9EF65633CF10BF8BA0E3832AA9EB40EC57F6C424A251544BEDD73B72567903A66BBC622D0FC30F3BF16092860963897BCE6297BAB5F386E985469C1FC9AE686E8BBCE98002B7276BE285207F6BCE6B4FC2AEB8FDEC02EBBF8E4EAFB993E527114D7DB99D232BEEE8113F15DF51A148A1B0E6937E2D3494B8E54032D30ED73E77665A4E0AC7393E5BA98F21AC0FA19898E0FB4C91BEAF02A9BD3744058BAA9325A693D2E3B748DF434CFDF709AA8136029D75CD0B73798EC5A2C4CEAA221397CF65370CC5E725DF2DE6F1F25DF06D4724DE79B73893A26156DE385AB74A1EB06D972A6DBA9E727CCB148C4B2852F6A1ECB199ED1A0DFA8EF67C65D189B44BDBC1C5E579B2BD7CAA13711710C63FCFC06D5533266BA4DD800C427D3BCEAA7DF71B6E3B7229EACDDB83D49F245086C6FAAF952282590820B5D56C8FA6EB578C530D28A3CBAA6A59CBD169FACB2DB26CA83AC78F3EC963427E624EC6435BABB6FB1CD32CFA818749F45FC71E0C93BB8E914401D6118878330E85EAAAF43A3B567EF43DCEB248A8B13F5060D559EF49EEA0A67937D8AD3519702C710060B973C392BDE9E1E61C059ACB84FF718EEE69878887C614F1C636B6A2D3B8DD80E19D96A91B6319ADEE30DD6A45231647497203024C4A1095BA91BEBD9BB8412747F120834557E041C8A6E558E9009D2A22759E2A53F1B509779EC02CB3350931E5D65DD9882E79E003E8852B0039F3253CF69CA72B07BBF4751CE1C1A6E2DD9C465E140815D883A2A0C5859BAA61AB31FF51F895EA4871372FB51B1ED336CB4C4FE21E4729A1336B47952E3C3C2033B6C5F50B52A2CBFA106B1699F65BF50767AD75D724D6901F4FFE4D1FAC8AD2D97EF16CCEFD574CBD8AF75CD2DF3CE9829DCCE81A31DEB3C51A25CD6C9BE09E72117B111D1DDF81C792734A5E805CA226B53835731DC6941E913EDE1877D1F62D9629B59F761D9FC4B0C6C49B4E1C97E53692BEB3991B75F87309F91A9B791F62D143EB16C6317EAF724AFC303B1A600689B692E00BABE0E2EF23EE79C63C66056104FD6AA5FF34B91D2157FE9EF0DD7AEEE6DE2C3AA4210CA37D263F487D2B242E5F2F5713283D11CD8D878AFB327DCAC0DB3D97FC471625595961303452A3F7A6D4B59918CAE9947BC430BA7D710556DC6C39591E65DB951E232C3FB4ED11632D839AB625A49CDD918FDE2EBB6F0E8E5E0BE34BA4DDD393C7C39DE5EBF40F6D7FB6F09EFFAC470812705D93D2CDF434C2D7432B693F071635EDE72562EA757CECA2972E4B5BC14FEA197EC3022859860EFEAB8C50A96CE81E60E235B93D418D492FD53E978A0A20C1FD6F727BA45B115F4B8093BB7D4B97D8CAC7EE39B93F4D921A24B1CE74A3838972445E145DCCA559042912A21A969253B2382B254AC8D1D8E40D15A591B41A7F02CAC919955B69AD77C4253634A0808CF945FE9C31F41039701FF4396817E87E29C9209225ED69F766B0D82F1B1F9997327E5AC9ECE26D11F07222ACF1F0142D30EFA8A490E1F1ACD3755E0D72B5E68BFAE1685EFF817033A4892B4E79EF5148590CEC576064A51A48B11DCCD7108778CB4F1FFBCC8A8AF8895ADD75755A837FFE9BEA9AACC105CDC2E1B73FDFE5C43BE96D7ABA0B17EA443628F81828CB60FA7EE399F48C3275A279584BA73D34AFA398B00EAA22431DFFDDA6DE147406B2BE2C5824ED15E886A5B5EB7BE26FF5FA9DD0E629237706E9FF266CC23AFA645B7A4B110CF0BFDFCDABAD9D9A36FFCB83DF35C1C82CE1FCC169BD2C37B6415FB50815F334EFDAED41CB0769A9E55EA708C360BC54FBD2CE486EF1BAFE84FCFFD65B8BA8D5777D2A6BED57F86924A0BC86A174BC866902F65AF91E2A57ECB2BF2B3A1B268C6A2BE21148DE65D3BACE03E67C62ABAAAD5196F0E15C8B1456624B2DB7A1BBAF05457F9B5FB5F01D8D26E157431357237E1F9BE3DA1D3338F632E0BC779ED437449C68576B133C4F8D5A8EEB8E2F996D22F4168A6D0CF4DE6476049E6FE397BEA2F32C9176974F8A003EA6CE3D0C44EB916A9F187141BA702560097350CA0624DB704D66139A18AB7C23A407851D8F5BB57ADB9B359626C605F5BDFE94F23B88EC6E22A27D82A8E8535617800E00E18032C99DCCBBEEA2DC6D19228635F2719E88595F3272986A1A02096FE8B8A9DB696DF1062FB835C4DC8183843BA04E4ABCFDF514057B5F0F11B6755EE518F01D4C338275A55D6B2FA7954F35B8F65CF4C3607963F2AD697CE33CAB686AC025EE9AE6616DE6932354451606C0A90C88A4A8E6F9F59DDFBE4E09C854C250333FBF738B38D641D304ACAF6E68FCA670C9E81B01F1D133D6C81AA895A33B3031F8F82927E789D66ADCAA14D3BB5B38B7322828C05668C2DB2585CE67D0EF00F5CEE9A8933A2F6A255B1D8647965AA583E4E7417265C11BB22653B4CF7469C4BAD2BE88CB9A4F949F5B323C5A40FDD1652FE329FBFCBB2CCBC6A708626CD98E70C9A0D4B23A2F5380B9B1AE81A1B8677E47B549185CA88BE655CAD344FDEBC3046251CB9CDAFE607FBB004A4916CED455AA55302B56F12CF3A1FFB4AE2628CFBA7AFC5149CD5D2301E5B59D4F014864746DEFC924F127DED93C0EAFDDD000A719BDFCC3A6F76A46CF64CA222C82FA0543D0EC7EDFA4E94D69EBDEF6486C4DB52168CD39F55A2B09875BC8C43C1066B2C4E6F83D70F07FC7EE76A684B3FEDD74DF8BA2C552906BE3BE77F6DA8557544E716E8D41D2EAE9FD805159821D20A421C3F02D9266257B07622105EDE9E33E73244DE9226AFC9CDAC630A3A76C5EEF7993836D709F134DAB0D747AB5FFDACB4020D46624C24905DB3E9E0F8B324329258539BEC10F9EDDCE7C76979596B00AFA7A48F9DE9C5D6D2610F79D96C6662F5D72C069326B908670974D3DA6DA6CC9397478FC08BB36886713843B6B870917C4C4A1F4E7E1F6E5F3345385589F778255CEDA1CFE297E39BFA7105EFA45A0917F91DC52FA722678773DAA551B14489461AC66DB22F80C2E7AAE253E6B1C7624FC92609A3D4743B093A999216A2BC350B9A120C0C2A1D97884C34A5C1ADBB74D524CF104124416648D76B6EB3F8E64E86F24D6262E9EFFEC39474B4BAF2D17E23DF328C0A2DA4E7FFAC6D5D5FF6F44D01ABF72B67F598A8A4B0E0120B9B174A10851523716057F2C19A0B5D2F9E0E72F19BD6943FB1DC249606CDFBE43E38419338733C63868972F7CC35716457E31A3D23AB4FAF23B821138225C2FBC2EC7EE36CCC6CD788A06124AD746297C351905C6BC04170E5E97CA26D6DD35ADE9B590E031287947E6978F6B6F711A399C73DA454733241375861E5AE92FC6A39FD82F4668AF02B979E1F760D620632BFC9AEA0582099EEA93D24039BFEEE6DBDD5346264BC28C7CE7285ED1FD20A8FDBC8DD0BFBC821C91BD17FAB32BE4A7B79D913FC6A3FC586B65991C6E7DE9674C0DA2F997FCCAB9D9F5F0D55725B9514A92964FCEA3EDEDAE378D34D50BA92C4AD4BE510FB430C8FAAC2758FA8A96B32A5F610F2C626E92F3F0CDA237248D64FC94D9FDD105545F73E57B8BB3B72B1FAEB7DEEFAB051D55079CEDB82BAA6A6B3B38CEE49BF4289128DA4A3D2ED63734D3A9CF53FC46F55CEBF9F3E02E50FBAEA3A4E215DF7FE0A22F50EA8A71CC2793493EB4136DA89E301715CC27D1EA9742ABE974CB78DC18FC0E1F403BA10048BF0C0508393EFB88BAAEDB76C98F9A74EBB8FC8A10BA79FD73FAFB51C2F65EB29F68D7A253AD6E31C4702CEBC56C9398FBDA49F723BF18DC4153B8E3464E82B97CCE054C68FF8007AEFDD135E90E9E7F8FC3D71F7F777E6005F20E866E57B04A5596EC9A4CBD7E67843A9A7288CE3B48AED4BFEC24568523268DDA363B537AD46192535585CE26C58435A87FE066F38E779A3BF06A8C43701122443432B1ECC97371F824DEA0F5AE2F5D7FEB0EBD86A11587A603F52E95205292D8C2A7219ADB2DAD7AFF0B3655BC8A974A592F36EACD6F11970697371BA52F0E25A3283D4CC4587EDE1E0B780BE459CB15F698C2B72675255DB491AD25D697C9E595AC31C1AF4587318A06A1CDBB363B17FC9B4C4FBF24A55BDC5EC8431E681A49F4FEB034C85FE3C1A21C676F269FD53F97608146AF45B24BE08778E3CADD80BB654FBC6F1073FB92932C2433FC2B3E44B1E54AA2ADC16F48130469F4E88E8B425C59BE93274D8BB92745D3DED09962F556D732D87195FF87D0A2B3C0E1B4D86A57223E36895BDD73D0C63DC3F0777C271C8013404EB322E1915448BD05011F019163BE91D86DD2F3D02B771CF2E7D195FAFF8C7B98CACD2138F0B6E804CEC56C385CECB90104B07DE8A1381591C0E32F0886BE8D4BF4FEC80C1B556EA1DE411280E7D50D17968D155109F5C7B135A56F03B71C9E0F69765B84B33F3A9F09713E2399A89A9CE07F0AF1C16F5B1E8A08B6F3D178E7615E5278CC64C593A7FC454196326BE0574D4BDC35E155090B0B0777FC9FCF0FD11701F960FC7ED481DAFFA51A98221C15E3E88E56E192E405E7092CC581CF24381968CA40A1C8E23A02022C11463458D0196279A55F70EBD337AFCB745F6A6287079C6040B05E23065C01E17FE07CCF5CC75),(1003,'1003','image/jpeg',0x789CC557795C8CF91FFFCE740A1D08AB6B1A845433DD35355391A8554A291B1DD3CCD318E66AE6A9A654B26CE4478736656D2A74207216A2C276D0BA4A8A25DA4A1272EBA0F93DF33CD334ECFE7EFFFC7EAFD73EBCBE7DDEDFCFF5FE7CBE5749DA254F80B69787A707C0219F19CE0C004927C85D22664702E0E9690AD4010038A089C38318449A05B0CF57C88F647320822F87CE80D6F1394C48486073E92CC882B054488F2388D89C75FC68088621028F4F10ACE3C37C023F9240270820A188CF2320FFE17510811E4387E9420B42002233A1487A34072608D80C025B448816414C42245F48888522109D88CDE259483A5572D6C1B0804222F1441674263F02B260F0B924315D40B2B4209380B38B5840676C80604204C462F3A8C481AA1A2281CDA412836CBDC9DE82C5D03AF6B27821E41FEF13C088DFC07064125D681ACE628A982BE042309D20E67278228A984A44835310593A4D22D23426380B99919495EE1E321B0451893232B1B1B116B1D6167C218B64E9E8E848225B91ACACCC110B73511C0FA68BCD79A2D9D210580C7748C410B205301B698214D323F8D13095489405469B255AC717C8C37F55AB5C8D563CE6E42980193648118BF94248EE87E460A0A4443093A46881BAA28E4800822CC45264B5E23CA56B285AEAE911208F82F858B0A43A747D452809163B12FE2A3F9321B717440B39685626830471202EC4834588ADA5DC56C0891629D686ACB4740AF5E13023A50965B1650ED23A9688E1FF5E176240B222931DCCC956E6568EF2648866259BB50E16FD7D37C7768E10B541BCE4EDA52C16424C369214ED0B016B0C89ED0FF3191B502322E19B8E51DC442208F674A7122DC99676F6363664B28D94868C0025088AF087E930DA118C8D48B677D822795494150762D139240E9B01F14490399D258450279768981BC645584573A948F9741E9B6142E70A9CA4D3227EB4900151597C3E8B03C967198840474E0E55DA32645D880464B73319148610A2C37C210DDD8FFE50142670D8B44510872FE00B047467926C0613501B92A2272233C7373216C08D038F4592B69FC2A1F35854A2D85C76B489B47FE6DAF8A6169425E91BFE1ACED23D48598EF6FC6F3A839E54015D288202E2041075DE4A08EBF83CDAD78EAB562EA7FDB7A54525F9D2B2B8E35BC5FC7F5F5E67D25FB8FCED3A7E5DAAF45E227D733149EF3B92ECC2437A4392DF900890DFB1100FB95863A537A8E425B8E23B767208D61664E0B0C8D35B59197D2B8AF5F1BE60827C67E9E3C520E69FD908FA781E98F99FCEB3E40FB01868A8A9A9ABA96AA8ABAB4FD4D098A839535B73F2644D03DDE93A33671BCD9D4334221A9B2CB427992CB059604C24BB59DA383AD168B4B916EE9E8B9D97D953694E922B60A23A9E8967E2703A40F21BF25EE28012F2B082F10FA7A48C5751953C00EAE8346E840CFECF9FCEAA84776A21B1FC701916E5D880E97DD5AE326DFE3C02883DEA9E8CB1B9690AC0C4CA464C17D5FB1A003D5B0C683A8F22FAB6A2DB28C23B0F231E6117B028D611C8C06DC642F40620637FF333CC2B411ACB6E3DE6B4533A3C7647C1A4BDC8A03CBC1B038EB50028359F408161341215F76C2D0AB4ACA5CC1E15609A3002A2A95C8682A539D26CA77D1540F9EABF6A9C6F2283520C565F89963440521F162D110120DE0E5569D1329091AA8716A4AAFF44AA494C9613C5D10E616050CA8D75080DA03B24A55523FE2B03E707D27A129FA0E09A34F28A12AC710EEFC291B115AB540566223EBC7DDD587B6A6C90D4BB6A51A01C2740C0A5701428FD8E449AFC009581AA0632BC2FC3C07727116D8D17CA1AA8D198E33EA02E17C95AD48E01D377C940A5036B02D08DAB05F82F1839B0AA1759F14F9806978FFC7E57793B03C8791B0C1B602AFD3884B26A5E014661393249798FD1C63DBD870C551805955084367E0003CAF40269E77EC29CBA0CA4951C8B77C5A8C64A7F70EE622A1529E77991A968F0F805D294F8A6B3B014EEDC8B3AC4564BFBA2FB67299A92F25EBAADCACDB5517783E77708C8BEF688C7A81A841DB80DD46C59C55819E0D4C84886DAB4A0306D1936F801AA5CC66C9221808B1CBDE9DC3E86947C5AC50E6300B495C8CDC054B9840F978BCBE5D2846479C0F1233C472ECD438EBF8936C0E394F1C8A724BB02707825A0E3EA3BC56A6AB8B1A5369140CE70935D053815BC041069A58D679FEA3EB57DBAFEEDD9B8E08BC74219A1EBDF99ABFA3F53DEEC6D1B2A01EDC79BBE9FEF746FCF5D4F07DC8EE6A6F32697BBCDB7A737F07E9F663DDDE14445EBBEED11ABBB942226D7DFF823B371D760DECFC7E8D953D77298F609051CB7736D59F4BD13DABD362D6FBC911F665FDCF4D896B2E1D0C0BE19DEA2981BDB8ACF7D797AB5ADC5F87D7BA29DC1C6043B0E35FAF867377BC7C3F30CE04BEFBAFACA72AA13126DB3626E855EB876C92E74EFB5C7C15FAC0F0CF465F43FFCE15D8451F105FABE8FAE27DAC8DDEA279B5263CC361F3EA8715EDDD13E3586DF42341C7119CAD46CADD63334ACF25C3A90F6E3B533B9098CF955DC65E75CD4A6EB54EE4D8A0A880A399367491CA8CC2A9E13F2F12DFCDBBFAA3B3CF4A366DB6D78CC9D93FBBC8EBDC2F834036ADCFAF9C5534742FB8B878F4E45D887EC4C69CAD639CD61F2969AEB65B459AB4C36E6DC5E56B467B899F3DD79FDC1FCC0D5E64E6F29D3727C9B377B04965F22C4044FF5354ED9D573F7A8AE69E719B34EF6AF15E5CFF7ACFDF3F999E6ACF249817BE86171CA9B3DE81E1E4EE465859605CF05AF54BE0BF0CBDE95F84AE944A1AD9AFF979F920F92CB1706D9398D64867A145A169AE6F7CED99F5616987D5EABC95EA74FC7B6666EEDA4BAF44387B2A3463537613B00A8E2818ACAF81380D331F60DB774C56B13FCE8539057242A43B603545DF0A3EEDDE1E18970788A636472D71FEF9C7C4E24AA6A5975D597EC107A95FAB7F99E793C85FD98BBE0C874B7D895BFAC540E3C954E61B7AC10F7957853D80D79D68D21DDC325BA36878B66055E4973A237E4D9C6EEA6E279F187D67EF7E250E1FDB4801745A617FACC7EE9B7B870CD026E29CEB3B50D0D9918F2E3758BEB5E26D7AF5BB4F5D87F1CEE3AC93B216E9D88EB73A8DCE2333F45CCD946B89D7A75CA5D098819B1D9A8765F706BFEE5FA68A7B41647CDC52EB373237AF67EDEB9CDF88F631A1997267AFAC4159568DF7A2D424A9FA78D431F3BE9E6C7C92A0796BEC6AE6E7EF4A8F0CD9985DAC8EEEF1CDBFD2EC61290A9B1B64EABF28838CFD9E3E2B40FA30B6F262D6C1B1C250F8CDCCED95D76F009FEFA8EA56E866CAFC04DCD8DD75A424E2EB6BB397D171FDE79B83D3473515FC98D30F2D4F90B5D6D1EE8D60DFBA6CE3DD56C52B4A28B5B505356EAF59010A1EF977BEDC1D9D1893C38E5C5FEACEA9747786BE69A77793FD0FE73FB36C709FB533E2D19D9AB4EFD5453C8347C3FD3E338E3E1D5830945CE8CBB0345F38C46FEE8DFFF46022E557FF97D636C22FF965EE28773433FF5261013CFF5AFBA9B45AA5E6716B5A176417D5BD2AC949C7AE02AAEDF57D9399FB1B3A92489753FCDCAD0FE297427CD736A12AFA1D679E0408EF88B7FFF2575A55F92F519754136DB8FF36D7B3E649E3CFB2A6D775596EEFA093D053F4ECAC8F7E95EFFE1674F8FEEE7A78A67E4D5A67CEC89C8D9B87DDBCEB292E20EBD8A6037D122B72E6EEC73E8497A5EE9F72A8BE0C1C8D3AF5BF99D473A22E2E3ABFCECAE83CC2CB3AB438F2E4C297587E65E58D9E4B43D28A138F5D3C35AB870B78F503852BC6FF7F71FFBAADE0F5B05B3197103430D8DBAEC94F781017EECE62E1F68CE4EE50BFB4F32BD0EBD1184A73ED9F89BF5AC9F8FBA791DFEE14AB04DF4F7973FF8FFB4E5ACF79D0E93258BE09AD57AFBCA5775F99C8C383C7343FADBC229DE2FDFB41D38C39DB4F1C1E159330B9577BE02D9D3D62CF8FD72974959E98135B6DCD6DEC887C6815E6BE61FC9FEB5AE387FA81532EA6BC8BE6E049F2D281E6A7D5777603EADA37F2BED68EEC82A093895DEBB5E0254C396FA941A6F72CDF429FB4CD83D34CABA9D18903A1844FD14EAD22B3D6563BF4A6983FFF7673E26A84900F68003A54D1240C04492048CCA8EB40448C020266B49E55A54C44B4509704581915494D96F92CAD8EF4B4A984DF2F8FC67C5F9C1F1986351158CD4B0F927E30924403133E63D43D1AA669C862CC5EBB162E446384C96281434166B93021399FFA862F6278A564021D86BC5580AD58EFEB510148C28740A9B56488699602181CB784434D7301827542B37F9A2C0E6B54261409E675021F4B8DFD8F2A9286477F986D498BDD6B80D4E618965FD2FF84B6B64DD185268A68C46D8187AADB81C581EA371982CE3225B885A30711C21B8005FA38825801CF6359628C69639B97C3B33F2EDC43FF34FFA9A9A214F0AF298228F0A4E057B537040C7D8D2D5D7CF4DFAA4149ECCBC7C0779553A5F67BC91BF2BDA12D0B8A56CDB42FF1C270B25C79EC3B7B5CCEBDE6AB186D209A35B556EE26EB8587F318356AC7FCADE6F91EF1AD0386051EAC8B24815D674FBF7E0FDF677CDC7DF4EF74FA8297FA3F5343462A060E5E3D387CAF55E5F575776177A7776E24D1FD7B5BE3B649A6DDDF9A7DE8625692FC56F9E454397AF1634B6ACDE6342D33BCA67F6EC6831DC362BE15E005390646F8B3FA6CA59F222A564EAD046E757D10BAE7505A589695DC2131D1AFB1F5498648BE66CDEB86D638A79453F694DCE88FDC483B91B7806D33B46528CF64697453204AECBF36AEA95423A8B1F8B3A8FC5A61E7E575995843C4CC2139DA3151FB8D747DACCB446523A5E9E8FBEA575BED2D1F256C870CD46D1CFD3D20CA2EA5F71BF5404F7877A3C64FA353A0C4C312F7B246CCF2FD351E6C4DCF37C861B6CD721E956FC32A076AF76E1D58AD6C676EA719735BC19BFB67DCA2C9D16A4C7DFA5599DDF33D8C0FB1437D810D6BBB8726D9E57AA57D4F1FA37FB36E946503FB467D955254DB5AE1BBE571D11E0DA84AF18DDBCDC70A67AB37F59E47155835B4EE9CA14724486EB5161C3CAF0077AE5530607DB903F3CBE53ED711DB8DBFE2BB5E522DEBDF8AC61CBE4B653DFDF39373D51395A3F2FF55343F4C1E521340327DDD6F4EDD3FC2EEC59AD3BC3D214BE3F2401335FBD774B9971335BDD3C58DDED3DA33756290A9E30D49C79F1C20CF120D20FD295A4CAF4F491E6CFF3FAC52AEB577950029E97E6684CA0A4BDA83B728A7666D05908B35695DD34B8ADF7ECEAEFEEDE4779075A05BFC53D32D5DB4FBA57947663EDEC7A957DF92A2186B6AB7FAA0BAAE8E1196E09F222F90D3FDC71EFF5CD5765EC53A0721BAEF209FB72EB368786C5F6C1DE3B9CB5BFC43BAD8F2E184A6DBB7CF984AFA5476C39B75C2B4DB3ECB48311833E8DC3261005B035352FD37FBF8376FC4713CB2B59AD31CB2DAB723316AC7B7EE4470BA335B336076EB1CDDD73FC7892DDBE25DD4228DBF74624C784054FFAF3EEC5D91BC805D78CCF04BC69EAC0BBE967ADD91AD66DD57BDF7AC7B163C71F09FDB30ECEE7C459CE8DD25CEAE735BB8A3C7D6DF772EA4B322F065F653D69EAB52D648143381CF943DE83DC256D8C09C9013175395BCFAFE9B00E3E1745805E49C0847B959A5A43B8DAB5D15BAF569BEE15D5AF1D4EBEBB2AF8E8E3A4C14156FF65DCDB1DB9B37298DAABB77F7039AFD14AFFACB36AFDD1D6F7B65D177F205768CDD3FA681FA6661668716CD878E8E8934FA3C77EA168DC0BDDA4B6F8CE6A56B8CB4309E8BE340B7AD642F2D81B6FD374A738749755B669C0E195455EFFC38FD2992B24F7FF0D6598E3C8),(1004,'1004','image/jpeg',0x789CC557795C8CF91FFFCE740A1D08AB6B1A845433DD35355391A8554A291B1DD3CCD318E66AE6A9A654B26CE4478736656D2A74207216A2C276D0BA4A8A25DA4A1272EBA0F93DF33CD334ECFE7EFFFC7EAFD73EBCBE7DDEDFCFF5FE7CBE5749DA254F80B69787A707C0219F19CE0C004927C85D22664702E0E9690AD4010038A089C38318449A05B0CF57C88F647320822F87CE80D6F1394C48486073E92CC882B054488F2388D89C75FC68088621028F4F10ACE3C37C023F9240270820A188CF2320FFE17510811E4387E9420B42002233A1487A34072608D80C025B448816414C42245F48888522109D88CDE259483A5572D6C1B0804222F1441674263F02B260F0B924315D40B2B4209380B38B5840676C80604204C462F3A8C481AA1A2281CDA412836CBDC9DE82C5D03AF6B27821E41FEF13C088DFC07064125D681ACE628A982BE042309D20E67278228A984A44835310593A4D22D23426380B99919495EE1E321B0451893232B1B1B116B1D6167C218B64E9E8E848225B91ACACCC110B73511C0FA68BCD79A2D9D210580C7748C410B205301B698214D323F8D13095489405469B255AC717C8C37F55AB5C8D563CE6E42980193648118BF94248EE87E460A0A4443093A46881BAA28E4800822CC45264B5E23CA56B285AEAE911208F82F858B0A43A747D452809163B12FE2A3F9321B717440B39685626830471202EC4834588ADA5DC56C0891629D686ACB4740AF5E13023A50965B1650ED23A9688E1FF5E176240B222931DCCC956E6568EF2648866259BB50E16FD7D37C7768E10B541BCE4EDA52C16424C369214ED0B016B0C89ED0FF3191B502322E19B8E51DC442208F674A7122DC99676F6363664B28D94868C0025088AF087E930DA118C8D48B677D822795494150762D139240E9B01F14490399D258450279768981BC645584573A948F9741E9B6142E70A9CA4D3227EB4900151597C3E8B03C967198840474E0E55DA32645D880464B73319148610A2C37C210DDD8FFE50142670D8B44510872FE00B047467926C0613501B92A2272233C7373216C08D038F4592B69FC2A1F35854A2D85C76B489B47FE6DAF8A6169425E91BFE1ACED23D48598EF6FC6F3A839E54015D288202E2041075DE4A08EBF83CDAD78EAB562EA7FDB7A54525F9D2B2B8E35BC5FC7F5F5E67D25FB8FCED3A7E5DAAF45E227D733149EF3B92ECC2437A4392DF900890DFB1100FB95863A537A8E425B8E23B767208D61664E0B0C8D35B59197D2B8AF5F1BE60827C67E9E3C520E69FD908FA781E98F99FCEB3E40FB01868A8A9A9ABA96AA8ABAB4FD4D098A839535B73F2644D03DDE93A33671BCD9D4334221A9B2CB427992CB059604C24BB59DA383AD168B4B916EE9E8B9D97D953694E922B60A23A9E8967E2703A40F21BF25EE28012F2B082F10FA7A48C5751953C00EAE8346E840CFECF9FCEAA84776A21B1FC701916E5D880E97DD5AE326DFE3C02883DEA9E8CB1B9690AC0C4CA464C17D5FB1A003D5B0C683A8F22FAB6A2DB28C23B0F231E6117B028D611C8C06DC642F40620637FF333CC2B411ACB6E3DE6B4533A3C7647C1A4BDC8A03CBC1B038EB50028359F408161341215F76C2D0AB4ACA5CC1E15609A3002A2A95C8682A539D26CA77D1540F9EABF6A9C6F2283520C565F89963440521F162D110120DE0E5569D1329091AA8716A4AAFF44AA494C9613C5D10E616050CA8D75080DA03B24A55523FE2B03E707D27A129FA0E09A34F28A12AC710EEFC291B115AB540566223EBC7DDD587B6A6C90D4BB6A51A01C2740C0A5701428FD8E449AFC009581AA0632BC2FC3C07727116D8D17CA1AA8D198E33EA02E17C95AD48E01D377C940A5036B02D08DAB05F82F1839B0AA1759F14F9806978FFC7E57793B03C8791B0C1B602AFD3884B26A5E014661393249798FD1C63DBD870C551805955084367E0003CAF40269E77EC29CBA0CA4951C8B77C5A8C64A7F70EE622A1529E77991A968F0F805D294F8A6B3B014EEDC8B3AC4564BFBA2FB67299A92F25EBAADCACDB5517783E77708C8BEF688C7A81A841DB80DD46C59C55819E0D4C84886DAB4A0306D1936F801AA5CC66C9221808B1CBDE9DC3E86947C5AC50E6300B495C8CDC054B9840F978BCBE5D2846479C0F1233C472ECD438EBF8936C0E394F1C8A724BB02707825A0E3EA3BC56A6AB8B1A5369140CE70935D053815BC041069A58D679FEA3EB57DBAFEEDD9B8E08BC74219A1EBDF99ABFA3F53DEEC6D1B2A01EDC79BBE9FEF746FCF5D4F07DC8EE6A6F32697BBCDB7A737F07E9F663DDDE14445EBBEED11ABBB942226D7DFF823B371D760DECFC7E8D953D77298F609051CB7736D59F4BD13DABD362D6FBC911F665FDCF4D896B2E1D0C0BE19DEA2981BDB8ACF7D797AB5ADC5F87D7BA29DC1C6043B0E35FAF867377BC7C3F30CE04BEFBAFACA72AA13126DB3626E855EB876C92E74EFB5C7C15FAC0F0CF465F43FFCE15D8451F105FABE8FAE27DAC8DDEA279B5263CC361F3EA8715EDDD13E3586DF42341C7119CAD46CADD63334ACF25C3A90F6E3B533B9098CF955DC65E75CD4A6EB54EE4D8A0A880A399367491CA8CC2A9E13F2F12DFCDBBFAA3B3CF4A366DB6D78CC9D93FBBC8EBDC2F834036ADCFAF9C5534742FB8B878F4E45D887EC4C69CAD639CD61F2969AEB65B459AB4C36E6DC5E56B467B899F3DD79FDC1FCC0D5E64E6F29D3727C9B377B04965F22C4044FF5354ED9D573F7A8AE69E719B34EF6AF15E5CFF7ACFDF3F999E6ACF249817BE86171CA9B3DE81E1E4EE465859605CF05AF54BE0BF0CBDE95F84AE944A1AD9AFF979F920F92CB1706D9398D64867A145A169AE6F7CED99F5616987D5EABC95EA74FC7B6666EEDA4BAF44387B2A3463537613B00A8E2818ACAF81380D331F60DB774C56B13FCE8539057242A43B603545DF0A3EEDDE1E18970788A636472D71FEF9C7C4E24AA6A5975D597EC107A95FAB7F99E793C85FD98BBE0C874B7D895BFAC540E3C954E61B7AC10F7957853D80D79D68D21DDC325BA36878B66055E4973A237E4D9C6EEA6E279F187D67EF7E250E1FDB4801745A617FACC7EE9B7B870CD026E29CEB3B50D0D9918F2E3758BEB5E26D7AF5BB4F5D87F1CEE3AC93B216E9D88EB73A8DCE2333F45CCD946B89D7A75CA5D098819B1D9A8765F706BFEE5FA68A7B41647CDC52EB373237AF67EDEB9CDF88F631A1997267AFAC4159568DF7A2D424A9FA78D431F3BE9E6C7C92A0796BEC6AE6E7EF4A8F0CD9985DAC8EEEF1CDBFD2EC61290A9B1B64EABF28838CFD9E3E2B40FA30B6F262D6C1B1C250F8CDCCED95D76F009FEFA8EA56E866CAFC04DCD8DD75A424E2EB6BB397D171FDE79B83D3473515FC98D30F2D4F90B5D6D1EE8D60DFBA6CE3DD56C52B4A28B5B505356EAF59010A1EF977BEDC1D9D1893C38E5C5FEACEA9747786BE69A77793FD0FE73FB36C709FB533E2D19D9AB4EFD5453C8347C3FD3E338E3E1D5830945CE8CBB0345F38C46FEE8DFFF46022E557FF97D636C22FF965EE28773433FF5261013CFF5AFBA9B45AA5E6716B5A176417D5BD2AC949C7AE02AAEDF57D9399FB1B3A92489753FCDCAD0FE297427CD736A12AFA1D679E0408EF88B7FFF2575A55F92F519754136DB8FF36D7B3E649E3CFB2A6D775596EEFA093D053F4ECAC8F7E95EFFE1674F8FEEE7A78A67E4D5A67CEC89C8D9B87DDBCEB292E20EBD8A6037D122B72E6EEC73E8497A5EE9F72A8BE0C1C8D3AF5BF99D473A22E2E3ABFCECAE83CC2CB3AB438F2E4C297587E65E58D9E4B43D28A138F5D3C35AB870B78F503852BC6FF7F71FFBAADE0F5B05B3197103430D8DBAEC94F781017EECE62E1F68CE4EE50BFB4F32BD0EBD1184A73ED9F89BF5AC9F8FBA791DFEE14AB04DF4F7973FF8FFB4E5ACF79D0E93258BE09AD57AFBCA5775F99C8C383C7343FADBC229DE2FDFB41D38C39DB4F1C1E159330B9577BE02D9D3D62CF8FD72974959E98135B6DCD6DEC887C6815E6BE61FC9FEB5AE387FA81532EA6BC8BE6E049F2D281E6A7D5777603EADA37F2BED68EEC82A093895DEBB5E0254C396FA941A6F72CDF429FB4CD83D34CABA9D18903A1844FD14EAD22B3D6563BF4A6983FFF7673E26A84900F68003A54D1240C04492048CCA8EB40448C020266B49E55A54C44B4509704581915494D96F92CAD8EF4B4A984DF2F8FC67C5F9C1F1986351158CD4B0F927E30924403133E63D43D1AA669C862CC5EBB162E446384C96281434166B93021399FFA862F6278A564021D86BC5580AD58EFEB510148C28740A9B56488699602181CB784434D7301827542B37F9A2C0E6B54261409E675021F4B8DFD8F2A9286477F986D498BDD6B80D4E618965FD2FF84B6B64DD185268A68C46D8187AADB81C581EA371982CE3225B885A30711C21B8005FA38825801CF6359628C69639B97C3B33F2EDC43FF34FFA9A9A214F0AF298228F0A4E057B537040C7D8D2D5D7CF4DFAA4149ECCBC7C0779553A5F67BC91BF2BDA12D0B8A56CDB42FF1C270B25C79EC3B7B5CCEBDE6AB186D209A35B556EE26EB8587F318356AC7FCADE6F91EF1AD0386051EAC8B24815D674FBF7E0FDF677CDC7DF4EF74FA8297FA3F5343462A060E5E3D387CAF55E5F575776177A7776E24D1FD7B5BE3B649A6DDDF9A7DE8625692FC56F9E454397AF1634B6ACDE6342D33BCA67F6EC6831DC362BE15E005390646F8B3FA6CA59F222A564EAD046E757D10BAE7505A589695DC2131D1AFB1F5498648BE66CDEB86D638A79453F694DCE88FDC483B91B7806D33B46528CF64697453204AECBF36AEA95423A8B1F8B3A8FC5A61E7E575995843C4CC2139DA3151FB8D747DACCB446523A5E9E8FBEA575BED2D1F256C870CD46D1CFD3D20CA2EA5F71BF5404F7877A3C64FA353A0C4C312F7B246CCF2FD351E6C4DCF37C861B6CD721E956FC32A076AF76E1D58AD6C676EA719735BC19BFB67DCA2C9D16A4C7DFA5599DDF33D8C0FB1437D810D6BBB8726D9E57AA57D4F1FA37FB36E946503FB467D955254DB5AE1BBE571D11E0DA84AF18DDBCDC70A67AB37F59E47155835B4EE9CA14724486EB5161C3CAF0077AE5530607DB903F3CBE53ED711DB8DBFE2BB5E522DEBDF8AC61CBE4B653DFDF39373D51395A3F2FF55343F4C1E521340327DDD6F4EDD3FC2EEC59AD3BC3D214BE3F2401335FBD774B9971335BDD3C58DDED3DA33756290A9E30D49C79F1C20CF120D20FD295A4CAF4F491E6CFF3FAC52AEB577950029E97E6684CA0A4BDA83B728A7666D05908B35695DD34B8ADF7ECEAEFEEDE4779075A05BFC53D32D5DB4FBA57947663EDEC7A957DF92A2186B6AB7FAA0BAAE8E1196E09F222F90D3FDC71EFF5CD5765EC53A0721BAEF209FB72EB368786C5F6C1DE3B9CB5BFC43BAD8F2E184A6DBB7CF984AFA5476C39B75C2B4DB3ECB48311833E8DC3261005B035352FD37FBF8376FC4713CB2B59AD31CB2DAB723316AC7B7EE4470BA335B336076EB1CDDD73FC7892DDBE25DD4228DBF74624C784054FFAF3EEC5D91BC805D78CCF04BC69EAC0BBE967ADD91AD66DD57BDF7AC7B163C71F09FDB30ECEE7C459CE8DD25CEAE735BB8A3C7D6DF772EA4B322F065F653D69EAB52D648143381CF943DE83DC256D8C09C9013175395BCFAFE9B00E3E1745805E49C0847B959A5A43B8DAB5D15BAF569BEE15D5AF1D4EBEBB2AF8E8E3A4C14156FF65DCDB1DB9B37298DAABB77F7039AFD14AFFACB36AFDD1D6F7B65D177F205768CDD3FA681FA6661668716CD878E8E8934FA3C77EA168DC0BDDA4B6F8CE6A56B8CB4309E8BE340B7AD642F2D81B6FD374A738749755B669C0E195455EFFC38FD2992B24F7FF0D6598E3C8),(1005,'1005','image/jpeg',0x789C957865585CCD9675238D4B37EE1A9CC6DD9D046FA021B813DC8385E0123CB805820477F7047777B70487E06EC37B67E6DEF97E7E75EA57ED3AFB59E739B5D75EAB5E165E36002005B977720038380000EEF501BC2C03A40108F0F0FFCCD781F83A812840202222100D19190905030D03031D0D1D1D130B07848905C64247071180C0B878F8F8F818D884440478443878F878FF248143787D0711880A04A2E261A263E2FD7F8F972E0018053000184080A301C083E110C0702F3D0032000080FC0FDAFF0CF8578848C87028AF5162380002DCFF1B85FB27FCB204C0408003C0831040AF2BC3190E10A779B6AC593B9DB437310D15DC29E2939874D44F252D78FAB2EF7F1E2815F28667E46309D91441D8513B56784F488EF4FBA610FD982F180BB015F805F75AB148871668FF5485318770EB0B2649F96A5F6147DDEBC9EC507C145AB75CA8EB15C40BA8E29494B9876B896ED9FD546EF9765BCDFFB7DD93AC30B1F1EF2505153E3362A7223DBADEA82AF3A698C8F09B664684958F4CF2D3F172367A978A544AF1F6A41154A8980DD16FD011D7352AC24F7F4F4D2BD135D5FBB1061D518DA16DA9546045B5D4E6A909D90A89F4C84B5F625CFB159EE33F8ECB765CB9B55484534EF3E4BDCFA8DFD35B212F1D33F41C786AD65E39F79F91D73CC09D4C78E43B5BC2AA561450EEC2D30E93268C60263EE26B5C2537B43E8D8F8CBF0766CDFEE9DC677EEEE2810436D22D0EF33F4E4C12A200F1C4C9E3FF5AB6738FBB62A5B50F0A3A0525328F5EBD851C547B069D526101BDD05C873ADFE330DBF2CBC890E6DA6BBC15B64FAC73D86E07C1DDAEC2761F3321E5DE3F3506CFEFD835042F9413B83D73E713656B6C517F19CC5B4CD6D5EB653B3AFDF69F781CCD5ABA61154127D3A7C8D9C5569E72989DD6A72BF5C0DC93018CA331AFF6178B727A735F86A9B6A32356E658DD59C24EEE2F4855B3DA6E7CDB20A5F6FE2786BE0D6BD5DA4D97E93B5592BB5DCADAB63428AC6BC1FD004FD96586B5127609A090B699DD76CDC0359B99F34C1365C86590B9C187BA9A71F173E58437F2EF6A90DFFE52AF2D1FDD0DFFAC3A4AD030C43FA08CFBA30B0B701AB4F3F7B3A68003762C7119ED47ADE2BDE7D653E034C252625F4A052DB67513FFEC94DD707606A5B02BD78154AF01FDF4A15E7FF0E59AC634D38C3DD9D1EF40558C56338603948B4C80696856757CB4B2DB98A5CB99D4966171D6D940C72501138807590192C9CDDCF724248573FA2877CE61F275CABDD578C6CAA58407732CE8F6E6A82396A4D54C5DC48A4CC852F28B4380B703BC2C8755BB26BC88803CBCBFD3B53FBCA81A800A20B48160F90799A51E4E1B0DD0A446C20400BF05804188EAFE3D1DF0AFB5C10C02C021C2C3FD53D3FF532170FF5D3A6064100E2E35271E3E15170D2DB724CF6BB1A0BCEE8003C22714DC6C284F32D0B3651216791BA1277E66EEA7776B05CD8C65182FA54D3FA2E3F2B4D1E2F2FA4813F47B5006F1970FBA9B36E933F876AFBC00063A4D2BDD3AEA9F32733AC2B056D521EEEE4F95D053208226E626B6EF231B812B2F164E7E6B8D6E8DAA6893D1557F3C886538D81CE5DD56BD7DE90A85EC43DC6465DDEA43A8FCC0C01EF1B141719EFFE47248D7A6BD176DFC18FEC9CA031B2179C0B6687185E40AB9B6AD75A4DB387AAD39BE3B637AB6235CD61F60171CA0628C49C38BCDEDFDBE85913CA6DB61527AA673F07DFD1A86748C80FEF56E9BC3A6C01D99FF33077F804E5B7251BABF041508BD487B84A8653349C78CF5F29DB36469C87DF2F010157BB0C64F5D41B7E3C820DCC081D883E812A4DB067157A2D7FD28C019458C87FAE6373EE514F2C415BFA84233F833AE84315CAF3200EF82D339DFC806E39F47CC5ED978952139EA57077987FAE1A745F09B6D7CA0CB91EA99CB06A120C24730DF892E8BE67353BB8CC5B2B2766A3446B72AE77EF8CCAD909C003F6E940733678355ED9E0D30752F174E7ADA2697F43AB03E07EF4103CEDE25043F95507784B4152DFD831DB5BF3355E82885BAC1828BE81047313E9660B0E0BC539135FC7B81C246A0C87ABEF3ECD5FD1C30DA462ED9766E9DAE8D7788F38083883717ACA384A994E75EEEF9BB7EA19F19A9007166C25F824DB458C3826F1825292DDABE19CDD35E6D6B2388729FA7776B18EA4A37EAA3E0B4706D5913BFDA1832684A67BFB4FCB8222DE12C3990DB28E77570B594875A5C5C44F51341DCA8AFC738CD8A4F6E3CD0362A7D806BBE72AFF7FA7A7181332A55CB85B13C27CBFB481C5C5050901DD8CE9EAFF3BDD2F161C9F991F8FE3452EA1BC0CACF04F3CC36214EA7C03BF5CBB75C17936D5E5E4482811394EC54310EAF6361C35B6B5931A1EAA177A6425AAC0B5158F071CF34C7D97D9B341E13CD8282F8F659F93627DB72DBA4096836289005E12301C1A87ACB6F5A31BBEA26763547FC159ABDDCC25769AD8B4369F69FDC228ED4FE942E2219D9E2961D9F10D9745F5EA1B9B83016B98B049B64644123445F00F4BD94EA27BCD2B3829295B30AB2DCC54D2E150EB72249106E21253D5916623B07CAC23AEA72828CC8000CBBAF7C57ACE196BA21070705726BF4C7645F5BB519ECB4232959D356530B19186822621F5F0022B0F9C97AFF6562976E3FFDCBDA5E95BEC9845E7183859D5164A9FEF2170019D1A3A5CE8CB38EC863CF9EEE45F56CC42B9EDC9C17007B0FDE0BC02C748E34718665904DEC9AC1AC34BE62308DB93DAAD29771BF17C1C211F9E3C80BC03C8D3FAE6003CBE5D298334450100F0AFBD5E14171B8518CCDA21A1267E21D507E8F55EEAB5B68B0FA3DB666749AECE0C63BE646681C5AAE304C4069AA44DF4E0F7B3F3C58AA9BE34D16620A65CC8DB5F9BEB94241581B70E7B13FBD6CDF1C5CADCBF2D59E0458A6777726A6EF6E46CE529FF9E130B2A43F36C832A8DFA8EB28C589CB36834C0F9F06CA98B7F4FDD9AF0B9F6AE30EC26D46722D5737B910B6C29ADC1E3DD8E29BAEF6B57F5A41163ACBF97E46FC0BAF2E65F391F2905255DAE17B5222D1B1648B1F79EB14222567B7329E6E9BF03F09106CDBFDDDD1DDFA7752A50D3361F9246B8CD27F1CF582888DAC562C4692FA8D3D05CA9F9F68E56DFBD643E21BB4CAB49F5D2F160A7C06EFD904D1074D1A5993897EDFA7C4542D7A94B110271DB87A0E6C976F5B9C746D3A2F53A634467EC6CAEBDFFCF244213AEEFE4088BD91AAB1D47C3CB4EDD2D6FA3A716FB7C42C1E25B763EE6CEE103D369D579EC93C1CC7DEBC00ECBEB853737214CBB7396CE48A7ED1A7BE4DEA67E98F7966CA3155BD191120FF727DABC40C5D2CACBE6619001E707A9F855C41D9CB4248272A9BFAC0839C645F8C9C37C922E30644FD5E999902FCCACC080084FF8896D7052A0E1035273C8EE4BFD8F895B1C5E1AECC89D1B2E653D4A4D8210C7D9BDB345159A69642DDD95979415059F7DF9469DE19C98D8C8CB931E2AF29DF8001FF43F5FF570881A941389CB854341C925075897F2586FF27B1BA598650FC03FFF0515B1AD1F171B1EA36599C9616D155EECF4FD76F4EF228EA52C23B9B09754F9497B5F8CBF456CD0DFF9C0E59B5B0BDBB0397DED3FC556CFCB4E1D2546856949AE520E696D7711563D82A1F2DA0DBA545CE27C445CE14179CB0E17C3EB0CADB515021A4A02315AA905A7329AC541B39B04BD0C4E4622A689EB5EB27779C206219A2C0D883FE9741B95F2C22F1C682384828F6A87D406AD1A24221F68F75C5A725D5843CB0A47CCC5AA25FE5EB174ABCB6330438041424646478E47FB73330220E3508978A934B12EA4C43CB61129703C4E3567709987C232125AD615A8D1FC863661E94DBB9F93F4D0E491C7E7F89F5779CB86C74897882B6C2EA26E57345528B6A02FCBE6E3943D2E40B409170C960F4F75E75A8BC6B62E529EF2EEDCF526C79E98B5E93BD6186319086DDB51E66CA9C3ECB519804EB9FC677AB92123C82E639F868E53D4E3093BDCCC12A056F06288CA4A65BD9CB1F3BFCA836DEF4A26ADC4B5124F4329E2421CF50087FC6A324781992BF8E1E51A4922C2D01CE88B5B0EA2F0D2B751CAE2B921AB7F98832B3159245A8457FA8746499B99467E222BC72018B95C5D8A75C8101D8FE2CB1D29CE9D155C06C4B0BF5A38ECC6AE48F216C2F802FDA25C8C4BCF191267465BFDB357FE7C520476CF8A460227D191789DE5DE818B588DB42F6921121D038751A9C74C991312859844134079542DFC1E1AED3DC1AF0ADC5BAF62939A3BC5DF50833B3650FAFE47B4B0247AB919850BFD8D8EA04B3EBCA8BD8B7BBC1F7BCFD33C358B48B768A922C2F5535A8D97D32B015E552251AE6AC92DE39EDB88FFFF118E2B4A219B382724476A015583A45B0D04B6A8D7156C0341A1E83F1A458AFB6CCE06CE7DA72C83E00F4A9D25EFE3C6FFDC9B3FF06911DD7C35D1EA6A512165FFAC1C0E82D4B2363D65D0E24BAC97005165231EF72135E6158C34179126DB3E09ECE96FE02703A32C77C746467ACCBFB00212E993B24FFA88C806AC795DE5E01377BAE6CBCDA0E055DCFB0E89FB79F89F0F6D127CF9DADC66C936756648D563C7C9397D138F8516B44D0C03175E1513098D1028B1F18D1BF316CC1C3145636464AA788A3DC9EAF2A2191B4E92889522541782CFDCB5B78ACCDF8DDE613775629081C5472A65DC81BD7D756274A2F3EFDEBF608DB0BF34C5AA10D34512FFC7ECCE05CC24A2FA30F3996ADABEFB86B62FA31FBE3B6A75985481479E7C7EB7048980E5BBE7CA0E0970B87154B3CD9DABE8983636EA8E690BE07E3B73385CBBB843C16CFAA98CE739E899EEB5FA39CB35D7B2A9F563F06E93036A08130D9E9C546E6266EB2EF228DE07AFB7E2A989A7C95F54C06F1532DAB6A53ADB514EB3ECB33D9BA67FA43E5FFF26052C9FEB8051EEB7AD5FB2A36D79B7D088E4D3F648588A3CFEB59A47DC744C31FE77FC09BC8D0963D6E95E7C8B11C43933B7045E744E8965C52BA4ADEDD5E87CDF65CFB708165DFFE73B69C0CE57E678B6EF7151F3D6739B65E18BBC4E8B68714D441874653107761EF97987738E7D7F8D5AC1B538CE7AB0A24E9B118991703DC92562ADAC7FB295267B2DE58DBAFDE682BE26354F58638E746472F59CD6846B7D70956EAA77EBBFC6DE6BF5A30A6EB47F739E85835A9B7309A9FBE25319E610B1B94BA33C00E2E36B68972E99B4758A9E8EB985C8D9B907B4A8858EAFD5048691949F2A957CD66DA32F54F764CA23D42FFC8679B4C8730F4B509B8CA7604D201968A3EAE25BC7DEED16E177773F530B413953CD9B7B9EC5EC50279B4310EE09FE9B371A7B547784DB75DE6A722EF48EBC105AB7C05F3C4C60799A787A8132A936F1CB6BE5B550759D71C662FD9CCC6E8F268961D95B9FACF4C7030D7A8617793E255A442B7E78B3BB5C619B46F73DD0775E63056CA3BCF4EA748788694EAF974AA3EF3BF1E2EDC9E3801D80F56FCFDA3F2B14FA31DB96675C384EE4033FBB895A216D02E799F126C61296A2A3DAE7D2990C056B03C8B3BB2FDF7D7614BA7BC86D4631565DB6FACD70977AAE27DE1B77501C333628FA41BBE3F909C748E49B7BE4E779A45CCCB5652277B919222E319D7CEB150665C32733095D5A9CF827ED76FD5064E0DA85C2B387CADE4EC3CDEC2928F5D5D34F5375FBCF553D0D75ED2A38B7BAC4454AD40BEE1CD27B8171B8D3D50BED419D61C4BBC3920E6AD10E22F9B6E115F6E7A4C82247F407E98D8424BF8BE664EF6F3FCD9C8CB836D28ED6379CE56C3F25643D7F2B9EE63CA961E9B1ECBE25DB97F3DF095A41940AFA40C0F0022FEDB95C301C0D49C2049A88973405C4E2755F5E9E4E6D9FF1A0E716AE6C7AB880991A8394498878863F3DBAB17C0C2F759963A3F84B5591EE4E1BE49CF5FB5E2A1842E02E47D3F73B5B6C62491B0FC9D95B6AD90922A7089B067711BFFF45FF0C9B91988335A40ACB70A7AFC806B3429E1A3A9830A3BD6EA4D284ADBE78F95E77E9D427975162E1560034230C10C8C84C9CC15E4AE9F753E71FA084FF5A67A17387837729FDF75AF4F354357DFC54225854A5FA1A83130F9592F3CCD65C394D90C8323587F2231C2255130D1F6DD142CE9A667CD9F360369CDE2AE3835541F09C5197D514914653C19446C22A0CE9F57DBE4ADF8B5A0E4A9908D82F28F8BC87E995C005179D8C8C94D927708FF161D2B49787851B2601ADB09814ABCE9A3240CA2DD20BF937BBFE6978D92A25FDE78474693655714650BAC8226DBFE15E9B7F9E9267BD033F2130E70404A5534048B4F7CDEB2C242F1A3A15BF86CEE866D3D8C94CC40FC91B8B31816D9C3D522A7DCB34D511435CF786F16D26C9DCC06ADBF9EB5E11811789F927A84C899FC4E7447CA869E4BD39737388F808FDFD762C9E08A66C60301946127741A40F83E229D6EFB0A67276FA035A523F3AB79245DA68A2BCD2385ED01CAF60FBA0B77616C30C2545C017C81FC4E3E5E2B33765F2917446D97C0952C49526374A8EB30AF4B4761AA94ADBA63A7CF2DBBF647196118F6BB6F7DE6171748DD4457493F113F11BDEF210C5198D786E2D01B64E6BC53DD41EEEE02A7BC8D4611900A4EC9A7E690BCC54FA70A32CCB68C329C87F859488DF22A7B4B95BC21FF98CC8F9E55CDC51A36DEDFD6914D1F941B78A7BC37EBC4D7E64D0FE73E42C9596ABC238354A97E1277DE5F12D0158042BD71CCDF133BF34B841B11D48967E10F496B386A3B2B966416A76BE452B43C638A9BE1DE182D4E65F4CD56CF778F55BD0246DF957CB17F808FF10FA4C0A67F1E4D422692C4C0F96BF1E61CF548603D2F1CF546B254BDBA2F067D78DF262F9B656DD7842A28EC56D75569FACEB421DD396B42CD851D74E9F99E0C896D125A821F33C3C9FE294BEAD181C24B6EA965070E930C4DC91F7E7144DEAB95D04FFCCB0B60EF52C9A7238FE3FE998BB78912094A822FFD89DA0252E21F42CE5129B80DBCCF5087ACAF786F7A1804A0225679A814BEB5B072E31DAF6BB8164EC50C0E5CB3CA08FFAB829DF8FD4E37E94E51A5E2FBE9F7223BD6DA62C7695CD1A88754570FD5A2B056B129CDA4D58F77895A52841FC27D1181DCC2BC6095ADFA0047C5185DFE0FD5E801F0E5944D9A3272350AC74580781DE32B7FE7A419D7C8AE3406BA80B203359C77058A37F4BFBE26157E802763F9B6522C4FFF44F7D674AD7BEE03064580D419BF981DF5CFB3B995A1D8B292222CB56A82F7AEB1A5711AAD23235E5A1C49022DE57E836450F93E8FADEE0014058A89D9834CA4E954C646E51E9A9ED21F8364D3CEB17FD52784148880156AB79CEF35DD46412BDFBA7C738454649A6D6B3E813A011CE05E3C1F0B5FEC0E7B66FD1D4BC41CDBB5577A20894D20A8DAA774FA8AA51819E268606DFF6DEB4D89416DA6D453220686E4E4145492D5E8A89683DFD13C59EDEF073F0EEBCCD2DFD1025B51DA87CFBB6C88CD182D239D4A53FAB66C4A0D0F5408687FA3189BB4770533B76B347202DF5B0C9B1FCBD05F3DF857F52223F43E75F211B15964A718599E8B524045A7BD5AAF8FFBBE4143A75B51D59B84EB3B9484D293B6E4B6EF645BCADD35ADEC3FA7FEF18DBC92B6F40449C25FBB1C22301D18DD458100A611D466A2E782DF577D7E05859201E852BC824A84B13DC4702289D7A5A2B418D8F0381805C89B8524900C2F3E8B8A529D94713D34773921CE149547D1CFAB41C84B8A76E0E6DA565BE5396115686F4365B639D0BA8BC4BF6DAEC990887AA0FFB439EB34BA3425CB9FC4625C48C1148D7F225EB80A1771BFAC181BF0D925BDB3F4A5C70BFC4BB88569DA0AB7F76A277FCA442EF028E8FC01E375A3ED43A68C9DD8E7DC7FF1C5D5EBE5EC91547AA5182B680E86D2C6335B24C7100F7DDB3261D3F5C4ED89F8A4D85E8B69AAE3CADEC60569630FFAF567A5A3784C28856F1C8ED3D513CB45F380A308494BCB5892D8E75DC7FB246C28B7A523B125FE9BD2D0E0616C7A6436745C5694247E0EE33BEAB18DA2CD956E57B7A296A76D8C6927BB94CEC45136361B237497D07DE705E4B2D20F7B913FE4607E531F2D05A9BD65AC45F3789E360786CB589E6814B0FCFEF74EF75FBE09146C82A08F3445BA6E2AB0B7421D9A09352EBEED73D39574A7E4BD38C37E33F4166BAD029DA47C146B1B51250AA5185749B8F55BD605066B2C09426F2389475A4ECD9761003A71698B300EF195B5981913966191EBC76CF8FB653A54C9E50F9BDBB47F5B9059C1732F801FDB76AA15D4FB553959B2A41728FC6B8F0CFE0F1BD937FF6DE3105E2DC8FFBD7F860383A8A938FFE976FFB67120891949302871E31B49D37158E217DB1374A4B16E0A8D77A89C16297B830AA9D5B181B7BD0DD1440924F67165B6D35577E404397E727BA719145A0B67D273423A365F474DACE39384719564A82F3A9D5468E4DF9A3E51068BA19741B6C2BFC6B9457F899FC79FEA9AA6C8C2E581C6442685357945E82B889A6EA47E02CD23BD0B09C738463163924D84EABC622607FF03171EE13F985F1BF4BF309B40FF6D1041FD657E4AC346452AE84427EB81F6F98155355BDF7DEC6B4AED1BBF45AD63F96CF93914EE5BDFC4495D3B090BDB7AFEC50EA68A6C28A658C02AF35EAEFABE38969349AC4ACAD28A24939643721FFC5869AE4AFC407C18104023DA9B7F802DC75E8AA1A3AE5D704BED1354362E165580DEE4721C55D54D3648216DB6EF8E30FB043FEF22610D9371BA6522FA483EF6EABD21E8EC94DABA47E79E4FE61F29F24422DE5F8F3E7121F1398CBFFD7DC200BFB1F841B95DEFBB0B6A5469B3D89DE878F8C6C3EED1AD45B2EBBF05093C3C1C100EEEBF7FD4BF04C9BFF408282EA7BA7372F394EA3F8204D456B4F800C56C3FB9B6A6B846785E74F03F7A0A0C946F467C1C0ADA08794ADD3F357DDE2BAF167CFA36B9E177F6A37488E787CF8F3AC54A0C407DE705931BB1585D07980FE2230141B2649C6C50FF8A69405AB63EC260E84C19CCE01B0BFEE4586F7D36D29664707B1B2E5325DCC69142D0D92553992FABD9245BB885ECC8A06499FC5E973A82269B470A956680F62D88F092B531DCC1C13A62A309885C14EECAEB994AB00138071A8D749612CE108E8EFDE149C45CC4C1740FBE5D15ED3745276917A3E5A0235A0F09EB984346053F436176DD3C7B48944DB37A0D3AB822FD9A4452489626C94FD29DECA8296538EC490739F6D65F88DE8E4408DFE0BB986A56A2FD1E6136A8E480DAAA59E64CF2EEE84373C789222222F1E3A296D288F60C7778F2453E2AFDAC3C784FC864A529E50194EC29A25458A36B533CD16A59081B961F4124002569CB1387ADB606AE38B02488EE1FDA554FCD7DCF10FF1267F62553D97E538AD407F6B940CD66BFE576F15C299A2D4DEC8C0848CE0D8044CEE0EBF76A16BBF5BB4BCC55F4E5056B0CA76907F8A26A1CA809F674654B7ADDC746EECFF6F80BC3FFE478DA6AF256A0ADAF842E0A777F5A3E9EBC31A565D19AD325F56B7A200E413CA7558297F44CBDF4B3B845DA0B745E6478DE62037630F1ED18439B7D140F351242FC2D8E68DC661E7F0D5CAAD0999E38C39966C370FB2F1DEFBDD7B31B64FEAA2952A60BCB0345AE9B0359F592795ADDE1083E78CAE6D84227A5CE61AF12D5698804E29904CF16911F18C15C4C1D579DE31991E468FB2156FDEB4542D19E46E81E936E595C0E05B7D167AE6B470E62570CB4279D1F5A798835B175F9CC60CD6948992AE23C24B62044778FC760CE860B46046895FFADE1DB07258F0563D039917F7C3AE04945AE4AB61F178862515A06C967CFE656D6A9118F48EFE4072EE24D4D59FB231517BAB293B16C549E5C10AF42BA94C6668F7C7DEE937B7E4B5E0E5B11FA7C3F30C4328B480639331B6868CF7FAE82CF71532899EAA3F154FB0C9E031A05B9017D8AD144324E91A99834FF44C1D6A955CCC4FC61B860A188D84B7A1D3C812F5013EE1113079E238AC915CB60A054BB0C3F7A4E69D17354A77D0FE583DD7BAB86B52BC8CCDB92FE41C67BBDAD3804A2589F0E3E78A63C1F0DF881A6F81C9E17C0A90411AB425157397E2BED2D720F22E23E08F78753BCBF1DCA15C67CBA417B1F7D20026E9C3C12F32A67D40D95FE3ACE428171B9429A0562FD01DBAF16227B17B51CEF311B3362475A7CAE8E23AD344F0EF472C9C2DAD00BA093D5648FD7382820A2593384EEDDB20C1A736971835D680159EB07FC2169045CB2699E2711E8670279090791252EBE3163852670BB187511AC6F42C2892237C81FF3E7609F0572CB50AC9474A83B6A773433AA6FFC3915D79FDDD56F51E4064381EB0856E00EB2E5EFC56423A2F6AE03EB45882445A139D9E9F9F8974531E810BC86FA3DED2D2DFF6C4D6EF8FCAA72B6ED279443C6D28F68BD56D567CC1F09B097A27082666C0F7311B465D62FB3883557F9243946B73ED52635EBABA38096248B3E2202BD13240BD86BF60B8B143A74DC9552C568FF12D9A8A19954B8F27358A80FB0BA91AAEC806CCD8FA769BFE1A2186B97A164D5FE45AFC32307CF482C78859B47353126499430998E100390FD839C604F08AEE46B0C4B7E264B113E4F9E01D223D23AF79E8A2278A58C04678AE4322116189C04CC3F486133743E40A4C00D434823C556A12EAD3F92B3C4894B339E62B8DCA1A06EC95FD6E22D2B3E1DFF796DF449FC0EBCCAB0CD64AC34056437A1112E49147BF88ADD06DFD14444E2559793B0DB6FBBE24532F2B43D9E5275D515B9214DAE8F57C03DB2E05FA61ACF0BFA8F2F80F030F130DFC3C0285FFDF9113CC5C5B6EBFCDB2682E5463B0EAE2628A4654A0446FA577BA863A1264320BF9F2B7BDB574CC2493604D2A72ACBD91B576C8E062019B8F160BDFB20EBDF44C951E8AA3FA4A4F4A9C088D138AD6A1F6768A6EC072181EBAC1F8DCC1224B04CDC4729020388A27CE94B870676101DCDFD9537AA7C4B5DFC6320C434B7B4D0A91D18D82293840F282DE4DFAA402F5D0500B261A1070F227D5400A9403AE5A68586C9AC9F6CC44D74262CB2DA13353F36B2F9A349BFB006F87E1ECA9DE6613D1CFDFCD441630156B71341EB20C119848300B77DE74912B7D2B4D87F1A1E86B7D86514ECE5268B236F915287ED4175F492107C11F3268CC5DC7A81B80A2C5353E75C7F492EDC4DB0AC89DC65AD84CB4E4A29A60C1081C84DB96351E90EBD6C6768A1FE6EF47201DF3AE7B603AA201493B73EF2427206412F803F0D1D75E876E798BF10110EE02434D7F9462FDCB4F16ABC9F8D697636B1A25660A8238620919ACF799E34D5D2862454C343384A6800DCA024796EC37275D63FBCDEEB6AF689376FB33FF3EACC3871ABF42B899E14515727AE2DF2E68B76102BA5E1B7B792DC4676BA95C322EBC05E466241A9EC6584DAEBCB755E037F49F7578AB7DDD2DFB538A4AC2C5E925DD9F8AA092BDCE3AD6563625215F7E85920FAC547F3315884DED68B1187D7767576FB3038BF5716382E42C2FAFE0606FA16A27120A266B0EBD460B1197818B00CBCEC817D33C109F740D4C73ABFFC94B11E84883DE0D0628C8FFD97EE5C9B8EB3279489C9B459A7B07B6695354D2CB0E989F3D9EF485F8678778F8891D03B79A742D359D2AC871C2FCFD8ED422BBCC547EACD46498DC6FC01499170E0DAED43A7B51F3F451B8931051FA62D4E1CAF05DE44F7F892BA3EBAAB46BA5FB8B2345A6C033C774F30936567FF484D695A5F8B4FC06A25D4824D5918E2BF90F643A629591124B20AB7D1BD65373ED9C2A88893C01E90C4CD4A63AEF06E13B7896C28DD6D1846DD901FC6B295363C7A778701F507E0263589D56E115759BF00AA59CEB45DD94DB4027353906C44A691D127972E15EEADD7C8E60DC4F63251D019237106BEA847D302E0831138031A276F9083F38AE898AF090882AA32A64C2163436C1E71788CA19F68C74C76B048BF209B384534628FA28B8AA75A59729171029A8DDD07C6176DBB1152393EFA50FEA17BD4142141233C0EEC061919DB3D869BA9969D7DDFA02EE340A0008D74734E861D2335840DB24F8537BBCECA658A5FD371D851D6E93E485890E592AFFDFCD355816BD8FFF8A5A3A36FC240269AA34EE9B0095D793F2D8845EF2F5259A7C9437436D99657614F7165BD2095273382F519E4C7F90E405B7F3F56A47D586979926087B5A112D4DA33406FAFA493CC2E61129CDA3403D0BDA303349150E5C07048564AB06B0C8C5651C39AEE1CF0774C1D115B83C7612E09E1753007074CFA35B35075725722A4725FBFA3FAA2438A6C328F9E52260C85F29DF7A186E55CABBCD8022CF9C11D115BF5D0EF5CBA2E15056A6C3C3D0AFA92683BC69A72134CA4FD43A0B6D4DF7050B539A68A96489ADA991C65B8114460A3E1D7398BC8905080A45B88CEB36DC04A6945F6D2EFAFED326CE8933392CE2EB10FE2ACA06733E46B734AB05FADEBE9327EA3E3BB47FFF16EBF85705149F1AAA3C2AF7EC6BCAA83D49999DF2FC01D0F4AE6C4A7BF165F16FF0B3A29799A);
/*!40000 ALTER TABLE `user_profile` ENABLE KEYS */;
UNLOCK TABLES;

--
-- Dumping events for database 'admin'
--

--
-- Dumping routines for database 'admin'
--
/*!40103 SET TIME_ZONE=@OLD_TIME_ZONE */;

/*!40101 SET SQL_MODE=@OLD_SQL_MODE */;
/*!40014 SET FOREIGN_KEY_CHECKS=@OLD_FOREIGN_KEY_CHECKS */;
/*!40014 SET UNIQUE_CHECKS=@OLD_UNIQUE_CHECKS */;
/*!40101 SET CHARACTER_SET_CLIENT=@OLD_CHARACTER_SET_CLIENT */;
/*!40101 SET CHARACTER_SET_RESULTS=@OLD_CHARACTER_SET_RESULTS */;
/*!40101 SET COLLATION_CONNECTION=@OLD_COLLATION_CONNECTION */;
/*!40111 SET SQL_NOTES=@OLD_SQL_NOTES */;

-- Dump completed on 2023-05-18 22:00:39
